"","Generation","Crosses","Treatment","Exposure","Sample","Sex","Sugar.Weight","Glucose","Trehalose","Glycogen","Fat.Weight","TAG","Fitness","X"
"1","F1","McPc","CD","Both",1,"male",2.59,5.658341676,8.093985236,20.73420295,2.7,21.86370499,NA,NA
"2","F1","McPc","CD","Both",2,"male",2.67,7.882675439,15.4746356,22.00078166,2.6,24.77467519,NA,NA
"3","F1","McPc","CD","Both",3,"male",2.5,6.8603622,10.38639651,21.28782425,2.7,35.18690155,NA,NA
"4","F1","McPc","CD","Both",4,"male",2.48,6.486834923,10.36493569,12.18048646,2.37,17.31930872,NA,NA
"5","F1","McPc","CD","Both",5,"male",2.85,6.047240803,9.757816012,15.92889209,2.64,36.66291683,NA,NA
"6","F1","McPc","CD","Both",6,"male",2.4,6.865943049,15.64566171,20.8995666,2.33,29.73524619,NA,NA
"7","F1","McPc","CD","Both",7,"male",2.74,7.174752331,10.62427605,16.98386509,2.7,43.79887614,NA,NA
"8","F1","McPc","CD","Both",8,"male",2.66,12.42583473,3.281509225,10.58358308,2.57,24.80837704,NA,NA
"9","F1","McPc","CD","Both",9,"male",2.69,6.467681624,12.01934788,16.47313279,2.53,26.03972552,NA,NA
"10","F1","McPc","CD","Both",10,"male",2.61,5.625134989,8.88557685,12.16927825,2.93,36.4787233,NA,NA
"11","F1","McPc","CD","Both",11,"male",2.59,5.765276956,10.34590025,11.71964683,2.55,37.99138298,NA,NA
"12","F1","McPc","CD","Both",12,"male",2.65,7.699526495,11.57737896,21.8925055,2.78,30.90161128,NA,NA
"13","F1","McPc","CD","Both",13,"male",2.6,10.83834857,17.54872873,16.96866091,2.47,28.87718218,NA,NA
"14","F1","McPc","CD","Both",14,"male",2.56,8.272039779,29.09021917,24.47459392,2.5,17.07486001,NA,NA
"15","F1","McPc","CD","Both",15,"male",2.52,8.611827967,26.65997543,11.61448038,2.85,15.0810123,NA,NA
"16","F1","McPc","CD","Both",16,"male",2.51,7.272570804,24.13533982,15.04706568,2.49,22.42575088,NA,NA
"17","F1","McPc","CD","Both",17,"male",2.58,8.287807233,11.9205261,10.09557756,2.64,38.67144588,NA,NA
"18","F1","McPc","CD","Both",18,"male",2.59,9.549008225,11.55578975,8.273727806,2.68,15.7573175,NA,NA
"19","F1","McPc","CD","Both",19,"male",2.59,8.507393176,29.87740027,16.39052881,2.42,32.1448235,NA,NA
"20","F1","McPc","CD","Both",20,"male",2.55,9.915551018,18.32471538,18.88432303,2.59,34.71732487,NA,NA
"21","F1","McPc","CD","Both",21,"male",2.71,6.408168263,18.68174402,16.50677806,2.67,36.4453857,NA,NA
"22","F1","McPc","CD","Both",22,"male",2.69,7.327268028,19.19983771,6.006958721,2.6,25.78202954,NA,NA
"23","F1","McPc","CD","Both",23,"male",2.65,4.673473024,7.451526976,15.77526313,2.65,26.94973211,NA,NA
"24","F1","McPc","CD","Both",24,"male",2.69,7.344640196,23.29571068,32.30729136,2.34,26.51377494,NA,NA
"25","F1","MhPc","HSD","Maternal",1,"male",2.9,6.435794408,13.414927,21.74620295,2.74,15.0704437,NA,NA
"26","F1","MhPc","HSD","Maternal",2,"male",2.62,6.536866202,11.10396089,14.92371372,2.55,9.238274486,NA,NA
"27","F1","MhPc","HSD","Maternal",3,"male",2.52,7.117641209,13.12070462,12.27457007,2.55,10.76100385,NA,NA
"28","F1","MhPc","HSD","Maternal",4,"male",2.66,5.339967286,15.2518313,18.76997012,2.63,9.9078893,NA,NA
"29","F1","MhPc","HSD","Maternal",5,"male",2.55,7.435344065,9.52009717,13.33443732,2.22,15.9931796,NA,NA
"30","F1","MhPc","HSD","Maternal",6,"male",2.59,5.325441365,10.82047958,12.73350148,2.74,8.315484366,NA,NA
"31","F1","MhPc","HSD","Maternal",7,"male",2.66,7.393976761,14.44910225,15.40384897,2.72,7.93327908,NA,NA
"32","F1","MhPc","HSD","Maternal",8,"male",2.59,7.52213027,14.39850877,14.75834718,2.63,15.76418507,NA,NA
"33","F1","MhPc","HSD","Maternal",9,"male",2.42,6.858995585,17.15690438,21.06711587,2.66,18.17237238,NA,NA
"34","F1","MhPc","HSD","Maternal",10,"male",2.55,6.025094697,10.93337128,18.26559298,2.68,11.4437291,NA,NA
"35","F1","MhPc","HSD","Maternal",11,"male",2.65,8.177114146,13.03250571,12.03266207,2.65,15.36093945,NA,NA
"36","F1","MhPc","HSD","Maternal",12,"male",2.56,7.558737646,11.50962345,20.64255055,2.46,12.61925566,NA,NA
"37","F1","MhPc","HSD","Maternal",13,"male",2.71,6.441178476,26.61648602,10.89786546,2.76,14.88905927,NA,NA
"38","F1","MhPc","HSD","Maternal",14,"male",2.62,6.828328557,17.79123089,10.97779728,2.87,16.68466816,NA,NA
"39","F1","MhPc","HSD","Maternal",15,"male",2.72,6.970752767,12.95446091,9.668066503,2.72,17.57616927,NA,NA
"40","F1","MhPc","HSD","Maternal",16,"male",2.48,6.194257446,8.993759083,9.794114647,2.32,15.86010061,NA,NA
"41","F1","MhPc","HSD","Maternal",17,"male",2.79,4.975792379,15.19131567,12.56806727,2.68,14.82547486,NA,NA
"42","F1","MhPc","HSD","Maternal",18,"male",2.69,4.529560178,12.04932755,16.21219806,2.49,20.03406737,NA,NA
"43","F1","MhPc","HSD","Maternal",19,"male",2.68,5.763830452,17.00922104,8.678400624,2.72,14.4815562,NA,NA
"44","F1","MhPc","HSD","Maternal",20,"male",2.72,7.434520178,27.09204987,15.31127015,2.92,15.44857426,NA,NA
"45","F1","MhPc","HSD","Maternal",21,"male",2.59,6.79867901,21.38877676,10.9889808,2.77,19.50876638,NA,NA
"46","F1","MhPc","HSD","Maternal",22,"male",2.68,6.910858227,32.32719794,11.63992729,2.45,18.09985755,NA,NA
"47","F1","MhPc","HSD","Maternal",23,"male",2.54,7.200153019,14.09998822,12.78130511,2.47,16.71801639,NA,NA
"48","F1","MhPc","HSD","Maternal",24,"male",2.91,8.935907324,30.03341003,12.09549089,2.61,19.35671264,NA,NA
"49","F1","McPh","HSD","Paternal",1,"male",2.33,6.314678649,10.66775103,22.43408617,2.56,16.24861013,NA,NA
"50","F1","McPh","HSD","Paternal",2,"male",2.55,7.272401579,9.717301242,20.56209122,2.67,18.02377728,NA,NA
"51","F1","McPh","HSD","Paternal",3,"male",2.62,8.260573553,9.33095347,16.67480559,2.66,13.67036371,NA,NA
"52","F1","McPh","HSD","Paternal",4,"male",2.65,6.680421539,11.90876012,28.49366522,2.89,16.0062008,NA,NA
"53","F1","McPh","HSD","Paternal",5,"male",2.62,5.918184265,12.5879756,25.36306573,2.3,18.66523409,NA,NA
"54","F1","McPh","HSD","Paternal",6,"male",2.71,7.914453904,12.36236792,24.31786437,2.6,16.54672962,NA,NA
"55","F1","McPh","HSD","Paternal",7,"male",2.61,6.141388367,17.04455369,16.42719148,2.38,15.15056116,NA,NA
"56","F1","McPh","HSD","Paternal",8,"male",2.65,5.694378624,12.17157467,11.26697006,2.41,27.18788679,NA,NA
"57","F1","McPh","HSD","Paternal",9,"male",2.62,5.052280454,18.03697522,12.05990556,2.47,14.93771094,NA,NA
"58","F1","McPh","HSD","Paternal",10,"male",2.56,4.726033835,15.86626273,19.47805655,2.6,2.682449633,NA,NA
"59","F1","McPh","HSD","Paternal",11,"male",2.82,4.718157748,7.355874316,7.612218035,2.85,23.76011751,NA,NA
"60","F1","McPh","HSD","Paternal",12,"male",2.78,6.259162748,13.04221482,13.29004855,2.67,28.15740888,NA,NA
"61","F1","McPh","HSD","Paternal",13,"male",2.57,7.976208365,20.09213194,12.74008053,2.27,27.77929173,NA,NA
"62","F1","McPh","HSD","Paternal",14,"male",2.59,5.569031393,14.66381174,9.806982026,2.58,17.31004012,NA,NA
"63","F1","McPh","HSD","Paternal",15,"male",2.59,6.976573428,17.67684397,15.59820991,2.55,25.38979855,NA,NA
"64","F1","McPh","HSD","Paternal",16,"male",2.51,6.267851726,21.53162744,13.46719334,2.79,14.91316425,NA,NA
"65","F1","McPh","HSD","Paternal",17,"male",2.45,8.597538689,21.441935,16.31859215,2.86,22.38758522,NA,NA
"66","F1","McPh","HSD","Paternal",18,"male",2.7,5.394777477,25.94131068,17.43044386,2.66,25.85080822,NA,NA
"67","F1","McPh","HSD","Paternal",19,"male",2.82,7.333628815,12.79683567,12.37514163,2.54,37.73713727,NA,NA
"68","F1","McPh","HSD","Paternal",20,"male",2.57,6.839226059,17.20931346,13.34496524,2.64,33.38111098,NA,NA
"69","F1","McPh","HSD","Paternal",21,"male",2.57,8.344775365,10.04017488,17.6027465,2.64,35.61553491,NA,NA
"70","F1","McPh","HSD","Paternal",22,"male",2.62,6.845219558,18.24202571,18.4861501,2.58,18.67928885,NA,NA
"71","F1","McPh","HSD","Paternal",23,"male",2.37,6.457809671,8.580446229,12.40400003,2.54,27.15908143,NA,NA
"72","F1","McPh","HSD","Paternal",24,"male",2.48,7.216796623,12.51005523,15.54844983,2.65,16.33253759,NA,NA
"73","F1","MhPh","HSD","Both",1,"male",2.59,14.62296759,3.836755498,19.53849075,2.53,12.45258401,NA,NA
"74","F1","MhPh","HSD","Both",2,"male",2.69,8.527888032,13.99363792,8.768457996,2.59,12.18453345,NA,NA
"75","F1","MhPh","HSD","Both",3,"male",2.64,10.02784717,16.28726237,19.61710588,2.63,15.30351231,NA,NA
"76","F1","MhPh","HSD","Both",4,"male",2.66,6.38002106,5.108771578,15.57208996,2.68,15.10507786,NA,NA
"77","F1","MhPh","HSD","Both",5,"male",2.71,7.209926056,12.54940506,20.3469028,2.75,10.85703879,NA,NA
"78","F1","MhPh","HSD","Both",6,"male",2.79,7.245743034,12.55306402,19.29983875,2.38,9.326269398,NA,NA
"79","F1","MhPh","HSD","Both",7,"male",2.68,7.717252932,17.33932808,16.71151051,2.69,25.67623509,NA,NA
"80","F1","MhPh","HSD","Both",8,"male",2.51,6.079424427,12.57475972,12.15286785,2.72,9.06122498,NA,NA
"81","F1","MhPh","HSD","Both",9,"male",2.69,6.73388099,11.95576948,22.84602598,2.46,12.34854679,NA,NA
"82","F1","MhPh","HSD","Both",10,"male",2.55,5.729166667,1.696235624,11.04543871,2.47,10.84965345,NA,NA
"83","F1","MhPh","HSD","Both",11,"male",2.62,12.88197081,6.420555266,7.88820279,2.63,5.643898793,NA,NA
"84","F1","MhPh","HSD","Both",12,"male",2.62,6.385149045,18.45917818,25.82605402,2.43,15.41525063,NA,NA
"85","F1","MhPh","HSD","Both",13,"male",2.68,8.142456558,27.0203352,19.33223921,2.25,11.55275296,NA,NA
"86","F1","MhPh","HSD","Both",14,"male",2.83,10.06836945,30.5095065,13.61203475,2.72,6.815580953,NA,NA
"87","F1","MhPh","HSD","Both",15,"male",2.67,8.121732371,17.83081393,11.21364234,2.63,14.02758792,NA,NA
"88","F1","MhPh","HSD","Both",16,"male",2.78,9.668545779,28.5372469,20.3838806,2.55,9.749971753,NA,NA
"89","F1","MhPh","HSD","Both",17,"male",2.72,9.481768616,19.91745619,13.22503016,2.44,11.90161665,NA,NA
"90","F1","MhPh","HSD","Both",18,"male",2.64,8.784908401,21.14071143,19.07344648,2.59,6.138026514,NA,NA
"91","F1","MhPh","HSD","Both",19,"male",2.7,8.41022776,10.87846896,13.60484819,2.49,13.54532011,NA,NA
"92","F1","MhPh","HSD","Both",20,"male",2.64,7.418149543,10.89977345,8.502676618,2.38,8.26819532,NA,NA
"93","F1","MhPh","HSD","Both",21,"male",2.55,3.695205186,9.277216262,15.76132656,2.32,10.3139912,NA,NA
"94","F1","MhPh","HSD","Both",22,"male",2.07,3.906206787,7.641692803,17.09114212,2.06,15.31327346,NA,NA
"95","F1","MhPh","HSD","Both",23,"male",2.88,7.782206126,20.99477037,21.19738571,2.75,9.545274102,NA,NA
"96","F1","MhPh","HSD","Both",24,"male",2.76,7.939549812,10.44155726,12.99534841,2.68,17.30797552,NA,NA
"97","F1","McPc","CD","Both",1,"female",3.45,9.185838174,3.146097048,15.39290866,3.9,36.92227621,355,NA
"98","F1","McPc","CD","Both",2,"female",3.77,12.65604364,7.589009017,33.9988095,3.4,20.44184475,328,NA
"99","F1","McPc","CD","Both",3,"female",3.59,13.06812077,5.240907138,24.51029916,3.63,24.57739059,370,NA
"100","F1","McPc","CD","Both",4,"female",3.61,11.18718725,7.807400005,28.92540974,4.06,39.83819821,481,NA
"101","F1","McPc","CD","Both",5,"female",3.85,8.617498748,18.21620566,12.14877175,3.82,26.01099158,245,NA
"102","F1","McPc","CD","Both",6,"female",3.99,10.99636768,21.72721562,28.91642194,3.39,34.13972026,331,NA
"103","F1","McPc","CD","Both",7,"female",4.07,9.019204014,6.490155111,32.58585282,3.85,23.19415653,198,NA
"104","F1","McPc","CD","Both",8,"female",3.83,12.76853096,6.723670726,41.26372979,4.09,26.62059759,362,NA
"105","F1","McPc","CD","Both",9,"female",3.78,11.59716849,7.198662092,21.12970884,3.69,35.66345186,177,NA
"106","F1","McPc","CD","Both",10,"female",3.4,9.946423953,6.134805544,14.01441401,4.12,34.17990725,232,NA
"107","F1","McPc","CD","Both",11,"female",3.88,11.50332065,8.665975869,17.06931066,3.8,36.16819478,285,NA
"108","F1","McPc","CD","Both",12,"female",3.48,11.03351333,11.91028834,24.31421422,3.84,28.25942807,242,NA
"109","F1","McPc","CD","Both",13,"female",3.67,8.255811623,8.595120935,13.63885541,3.89,30.15817026,124,NA
"110","F1","McPc","CD","Both",14,"female",3.74,6.217018019,11.10032304,14.59395858,3.41,43.48420182,108,NA
"111","F1","McPc","CD","Both",15,"female",3.6,9.054761905,13.83103563,22.03761949,3.54,37.80900645,282,NA
"112","F1","McPc","CD","Both",16,"female",3.55,8.353864386,11.94384397,17.94555619,3.97,39.16019524,758,NA
"113","F1","McPc","CD","Both",17,"female",3.54,5.466205464,11.19892595,17.52743843,3.88,42.05578124,264,NA
"114","F1","McPc","CD","Both",18,"female",3.67,5.97519068,8.36771658,16.63704983,3.58,17.62343983,186,NA
"115","F1","McPc","CD","Both",19,"female",3.62,8.416833667,12.8544274,21.04388694,3.76,68.59770975,368,NA
"116","F1","McPc","CD","Both",20,"female",3.77,6.218473896,8.721332036,9.111469477,3.75,34.0294645,339,NA
"117","F1","McPc","CD","Both",21,"female",3.81,8.113590264,16.10275392,34.35034112,3.7,34.25357034,230,NA
"118","F1","McPc","CD","Both",22,"female",3.51,5.938123752,9.42758658,10.81917853,3.52,32.68272041,496,NA
"119","F1","McPc","CD","Both",23,"female",3.92,7.178628512,13.00113392,24.72224593,3.9,29.77995711,242,NA
"120","F1","McPc","CD","Both",24,"female",3.36,5.495244003,12.66566511,10.66418168,3.62,36.79941539,207,NA
"121","F1","McPc","CD","Both",25,"female",NA,NA,NA,NA,NA,NA,464,NA
"122","F1","MhPc","HSD","Maternal",1,"female",3.66,14.73144457,-0.872210366,20.15752508,3.78,49.97769061,180,NA
"123","F1","MhPc","HSD","Maternal",2,"female",3.67,8.970310432,6.917100341,22.47316689,3.86,47.86609564,184,NA
"124","F1","MhPc","HSD","Maternal",3,"female",3.77,9.218620361,2.029491855,8.081840789,3.43,48.5904692,224,NA
"125","F1","MhPc","HSD","Maternal",4,"female",3.68,8.884843401,23.56707968,29.77597426,3.4,48.66342566,212,NA
"126","F1","MhPc","HSD","Maternal",5,"female",3.78,6.701085098,5.529785878,17.85708091,3.54,45.06535327,164,NA
"127","F1","MhPc","HSD","Maternal",6,"female",3.8,8.601386731,13.28102601,17.13931993,3.51,29.24830945,267,NA
"128","F1","MhPc","HSD","Maternal",7,"female",3.9,10.38347865,5.870284455,25.6320087,3.46,41.84310894,194,NA
"129","F1","MhPc","HSD","Maternal",8,"female",3.9,12.28232836,6.969783856,23.4758646,3.64,58.66596197,293,NA
"130","F1","MhPc","HSD","Maternal",9,"female",3.47,9.226279001,7.93589902,10.25977567,3.76,50.01112865,335,NA
"131","F1","MhPc","HSD","Maternal",10,"female",4.02,11.43542099,9.018867748,12.84611491,3.62,54.74820198,210,NA
"132","F1","MhPc","HSD","Maternal",11,"female",3.81,9.496665906,6.399094108,21.04527355,3.37,20.66912972,197,NA
"133","F1","MhPc","HSD","Maternal",12,"female",3.82,11.57869042,7.325686228,26.86953138,3.77,55.56944404,88,NA
"134","F1","MhPc","HSD","Maternal",13,"female",3.86,7.333519047,5.61006001,13.22457411,3.58,42.44780391,344,NA
"135","F1","MhPc","HSD","Maternal",14,"female",3.99,4.710459258,15.82454708,20.38485232,3.51,52.50814741,106,NA
"136","F1","MhPc","HSD","Maternal",15,"female",3.82,3.516719188,13.91367531,17.52504455,3.95,41.14830091,184,NA
"137","F1","MhPc","HSD","Maternal",16,"female",3.55,3.944672131,12.32913175,16.53604924,3.75,46.26681395,423,NA
"138","F1","MhPc","HSD","Maternal",17,"female",3.8,8.861523046,15.36838544,23.22549333,4.08,63.28793434,402,NA
"139","F1","MhPc","HSD","Maternal",18,"female",3.68,2.571541502,13.39287246,18.67133322,3.33,42.85678225,362,NA
"140","F1","MhPc","HSD","Maternal",19,"female",3.96,8.971774194,17.62635884,25.73945688,3.75,42.72097488,118,NA
"141","F1","MhPc","HSD","Maternal",20,"female",3.84,8.651841487,13.39768462,18.63225805,3.88,38.5515813,86,NA
"142","F1","MhPc","HSD","Maternal",21,"female",4.04,6.000958973,11.06177036,14.01939363,3.75,45.59318688,149,NA
"143","F1","MhPc","HSD","Maternal",22,"female",3.68,7.634688274,12.27523614,25.04317144,3.75,39.19566179,87,NA
"144","F1","MhPc","HSD","Maternal",23,"female",4.04,6.908597173,9.232333735,19.44129885,3.85,52.14490454,78,NA
"145","F1","MhPc","HSD","Maternal",24,"female",3.89,9.00307422,16.91149181,35.27465572,4.04,51.73180665,180,NA
"146","F1","MhPc","HSD","Maternal",25,"female",NA,NA,NA,NA,NA,NA,109,NA
"147","F1","McPh","HSD","Paternal",1,"female",3.45,7.412595587,8.232726642,10.65443839,3.58,44.43445212,497,NA
"148","F1","McPh","HSD","Paternal",2,"female",3.8,10.45771831,5.694652709,17.66587181,3.92,52.56870133,552,NA
"149","F1","McPh","HSD","Paternal",3,"female",3.68,8.363864825,6.816653455,17.3698991,3.94,64.23980548,423,NA
"150","F1","McPh","HSD","Paternal",4,"female",3.7,8.875782684,5.792413459,15.46641676,3.66,67.96016598,690,NA
"151","F1","McPh","HSD","Paternal",5,"female",4.05,12.49380767,6.03277144,16.38966463,3.81,45.78401255,267,NA
"152","F1","McPh","HSD","Paternal",6,"female",4.01,11.26215327,9.263555191,10.50862336,3.55,31.81618619,230,NA
"153","F1","McPh","HSD","Paternal",7,"female",3.73,10.35195559,5.516559061,11.86812405,3.67,39.91390581,500,NA
"154","F1","McPh","HSD","Paternal",8,"female",3.67,9.113100774,2.070331179,6.362683362,3.56,22.24277527,271,NA
"155","F1","McPh","HSD","Paternal",9,"female",3.67,6.91303901,2.666767616,6.145488959,3.8,65.62215007,453,NA
"156","F1","McPh","HSD","Paternal",10,"female",3.49,5.603258457,8.303981395,11.58002419,3.62,31.78044459,477,NA
"157","F1","McPh","HSD","Paternal",11,"female",3.56,6.555230102,10.52812585,12.07881442,4,34.11355886,146,NA
"158","F1","McPh","HSD","Paternal",12,"female",3.94,8.728814727,24.31066791,35.70937608,3.6,39.76708736,182,NA
"159","F1","McPh","HSD","Paternal",13,"female",3.63,8.245018865,8.380391911,11.56192399,3.88,42.49234902,167,NA
"160","F1","McPh","HSD","Paternal",14,"female",3.7,7.498494627,12.45800638,10.56177346,4,45.63433815,353,NA
"161","F1","McPh","HSD","Paternal",15,"female",3.55,8.049641013,12.69060844,13.16445587,3.81,45.97455614,563,NA
"162","F1","McPh","HSD","Paternal",16,"female",3.46,5.345416752,6.610418609,7.806003512,3.62,86.10549463,300,NA
"163","F1","McPh","HSD","Paternal",17,"female",3.73,8.77022694,14.54357651,17.03342121,3.67,40.63668752,359,NA
"164","F1","McPh","HSD","Paternal",18,"female",3.64,10.6361829,11.32591946,5.216077773,3.67,47.7097184,138,NA
"165","F1","McPh","HSD","Paternal",19,"female",3.75,10.66512596,13.93587527,17.74266124,3.65,48.63411723,290,NA
"166","F1","McPh","HSD","Paternal",20,"female",3.82,8.858426289,16.08256092,18.77110969,3.5,34.95871083,201,NA
"167","F1","McPh","HSD","Paternal",21,"female",3.64,3.554548272,12.15788131,8.782740533,3.57,67.07202084,197,NA
"168","F1","McPh","HSD","Paternal",22,"female",3.71,8.278562155,9.895678164,21.20864551,3.82,30.00450257,241,NA
"169","F1","McPh","HSD","Paternal",23,"female",3.71,4.670912951,11.32425739,12.90827257,3.82,55.95624161,366,NA
"170","F1","McPh","HSD","Paternal",24,"female",4.01,6.871146146,13.10180917,23.77571422,3.52,40.15454411,313,NA
"171","F1","McPh","HSD","Paternal",25,"female",NA,NA,NA,NA,NA,NA,221,NA
"172","F1","MhPh","HSD","Both",1,"female",3.76,11.84592242,4.092142759,27.69706283,3.78,30.27584661,203,NA
"173","F1","MhPh","HSD","Both",2,"female",3.8,13.18043037,4.585634415,20.32156473,3.64,36.36950242,279,NA
"174","F1","MhPh","HSD","Both",3,"female",3.97,12.69008868,8.912711097,22.37128108,3.86,57.47247497,323,NA
"175","F1","MhPh","HSD","Both",4,"female",3.99,9.405141118,5.870978043,19.55975174,3.58,52.60882847,251,NA
"176","F1","MhPh","HSD","Both",5,"female",3.43,8.263682457,4.274264545,10.87786215,3.6,29.67693065,181,NA
"177","F1","MhPh","HSD","Both",6,"female",3.82,12.69181129,5.123476147,16.13684645,3.72,65.10786102,130,NA
"178","F1","MhPh","HSD","Both",7,"female",3.69,12.73725979,10.3621249,30.13387612,3.68,51.96252465,227,NA
"179","F1","MhPh","HSD","Both",8,"female",3.87,10.13400155,9.758229279,51.51970233,3.77,73.28324973,144,NA
"180","F1","MhPh","HSD","Both",9,"female",4.03,11.73732594,11.68283803,19.72848766,3.87,49.95093206,135,NA
"181","F1","MhPh","HSD","Both",10,"female",3.94,10.34374875,8.767879847,25.82959216,3.79,46.29235028,421,NA
"182","F1","MhPh","HSD","Both",11,"female",3.72,11.49109048,5.278831706,13.55652459,3.51,32.42169296,119,NA
"183","F1","MhPh","HSD","Both",12,"female",3.35,6.663034158,5.667789619,17.25392328,3.72,29.68129655,312,NA
"184","F1","MhPh","HSD","Both",13,"female",3.57,7.691923231,6.918003401,9.829979147,3.78,50.33166738,109,NA
"185","F1","MhPh","HSD","Both",14,"female",3.53,9.747955768,5.803539045,15.05919577,3.58,42.38240909,529,NA
"186","F1","MhPh","HSD","Both",15,"female",3.77,9.808853119,11.95629902,22.33113177,3.87,57.28293134,126,NA
"187","F1","MhPh","HSD","Both",16,"female",3.66,7.478983059,6.853741791,12.61147092,3.87,33.75809437,160,NA
"188","F1","MhPh","HSD","Both",17,"female",3.98,10.61211015,12.71310501,23.89817548,3.54,46.45978794,189,NA
"189","F1","MhPh","HSD","Both",18,"female",4.11,8.818335049,10.47088721,25.18176869,4,45.24187309,120,NA
"190","F1","MhPh","HSD","Both",19,"female",3.62,8.237672099,11.77289734,17.26252743,3.92,46.27950909,133,NA
"191","F1","MhPh","HSD","Both",20,"female",3.93,12.54617303,14.70518699,23.368749,3.98,54.73071846,91,NA
"192","F1","MhPh","HSD","Both",21,"female",3.77,13.48425197,9.299193597,23.91750095,3.79,99.01702813,125,NA
"193","F1","MhPh","HSD","Both",22,"female",3.78,6.111703761,8.390978172,12.16664735,3.87,44.07329357,357,NA
"194","F1","MhPh","HSD","Both",23,"female",3.95,10.20678685,12.91223957,31.48737631,3.82,68.24195961,65,NA
"195","F1","MhPh","HSD","Both",24,"female",3.91,8.015453834,11.99546371,27.40666472,3.64,52.3578271,103,NA
"196","F1","MhPh","HSD","Both",25,"female",NA,NA,NA,NA,NA,NA,118,NA
"197","F2","McPc","CD","Both",1,"male",2.45,7.905701754,9.969235964,17.27949791,2.26,20.91780469,NA,NA
"198","F2","McPc","CD","Both",2,"male",2.64,7.927725497,13.31517368,9.252001687,2.77,38.61262767,NA,NA
"199","F2","McPc","CD","Both",3,"male",2.63,8.670053842,13.86963149,16.79620349,2.51,27.20009741,NA,NA
"200","F2","McPc","CD","Both",4,"male",2.52,8.191971913,11.65387996,11.65369202,2.77,31.8341472,NA,NA
"201","F2","McPc","CD","Both",5,"male",2.63,9.149041938,15.85095806,19.98107299,2.79,55.06462132,NA,NA
"202","F2","McPc","CD","Both",6,"male",2.57,7.955539382,14.5912771,22.282457,2.56,30.37219429,NA,NA
"203","F2","McPc","CD","Both",7,"male",2.49,9.502383393,10.28387058,21.98538286,2.6,41.30229965,NA,NA
"204","F2","McPc","CD","Both",8,"male",2.53,7.180899746,9.650282233,13.91482397,2.55,36.80362777,NA,NA
"205","F2","McPc","CD","Both",9,"male",2.47,7.185574408,13.636726,11.55028605,2.59,25.35352785,NA,NA
"206","F2","McPc","CD","Both",10,"male",2.29,7.20526736,11.91543762,17.21310504,2.39,33.64636638,NA,NA
"207","F2","McPc","CD","Both",11,"male",2.59,6.859896905,10.12253264,14.78317877,2.92,33.11812555,NA,NA
"208","F2","McPc","CD","Both",12,"male",2.67,8.806113509,5.651402831,24.6295535,2.61,38.19067062,NA,NA
"209","F2","McPc","CD","Both",13,"male",2.46,7.490114322,9.197054231,14.90415369,2.58,30.78733568,NA,NA
"210","F2","McPc","CD","Both",14,"male",2.75,9.103692707,11.40912781,18.08068241,2.62,49.30005214,NA,NA
"211","F2","McPc","CD","Both",15,"male",2.36,5.994601089,8.104879999,13.73420518,2.48,63.51091288,NA,NA
"212","F2","McPc","CD","Both",16,"male",2.45,7.251976302,9.503046933,21.80593839,2.57,37.16331794,NA,NA
"213","F2","McPc","CD","Both",17,"male",2.86,5.255915524,8.753837385,12.47033742,2.44,36.82506128,NA,NA
"214","F2","McPc","CD","Both",18,"male",2.45,7.195922975,8.459922914,13.04152863,2.6,34.93709366,NA,NA
"215","F2","McPc","CD","Both",19,"male",2.48,10.24484264,10.32786235,18.50090934,2.71,33.91908968,NA,NA
"216","F2","McPc","CD","Both",20,"male",2.53,5.271907216,9.976319734,10.7502886,2.51,26.54286902,NA,NA
"217","F2","McPc","CD","Both",21,"male",2.55,8.081680907,11.54974069,17.50350635,2.31,41.09045072,NA,NA
"218","F2","McPc","CD","Both",22,"male",2.61,4.797041458,11.89980483,14.43259939,2.61,52.15159093,NA,NA
"219","F2","McPc","CD","Both",23,"male",2.7,7.418568988,7.940070162,22.34405702,2.63,26.44646112,NA,NA
"220","F2","McPc","CD","Both",24,"male",2.59,5.367811172,9.458811952,11.53620788,2.57,35.52758713,NA,NA
"221","F2","MhPc","HSD","Maternal",1,"male",2.26,9.836419183,22.77402258,12.21077547,2.47,9.658894892,NA,NA
"222","F2","MhPc","HSD","Maternal",2,"male",2.83,11.48313932,18.95984063,22.23711406,2.6,14.81010328,NA,NA
"223","F2","MhPc","HSD","Maternal",3,"male",2.49,11.1296529,13.19324421,39.4376982,2.46,15.09270889,NA,NA
"224","F2","MhPc","HSD","Maternal",4,"male",2.54,9.002649854,18.20438491,28.27771589,2.47,12.15356861,NA,NA
"225","F2","MhPc","HSD","Maternal",5,"male",2.6,12.32070816,8.574177792,18.97515464,2.62,13.74691097,NA,NA
"226","F2","MhPc","HSD","Maternal",6,"male",2.79,10.95798686,15.37420313,24.08365413,2.44,13.74691097,NA,NA
"227","F2","MhPc","HSD","Maternal",7,"male",2.57,14.3432895,18.40652958,27.42911471,1.99,17.24986541,NA,NA
"228","F2","MhPc","HSD","Maternal",8,"male",2.64,11.11065012,13.31399725,29.65431973,2.66,9.286137379,NA,NA
"229","F2","MhPc","HSD","Maternal",9,"male",2.57,10.78259371,11.00214302,28.20840027,2.3,23.38248388,NA,NA
"230","F2","MhPc","HSD","Maternal",10,"male",2.38,12.1909313,12.72483245,27.24208705,2.49,18.43751511,NA,NA
"231","F2","MhPc","HSD","Maternal",11,"male",2.69,12.2338142,7.591893856,48.33393188,2.54,13.86988416,NA,NA
"232","F2","MhPc","HSD","Maternal",12,"male",2.45,11.72594798,9.700901863,43.81452904,2.43,9.808670984,NA,NA
"233","F2","MhPc","HSD","Maternal",13,"male",2.7,9.192048371,8.845469666,31.7447048,2.55,13.41243099,NA,NA
"234","F2","MhPc","HSD","Maternal",14,"male",2.58,8.351720063,8.551110871,25.54936516,2.41,11.46575508,NA,NA
"235","F2","MhPc","HSD","Maternal",15,"male",2.78,11.58857305,9.230222381,42.12098553,2.6,22.03563163,NA,NA
"236","F2","MhPc","HSD","Maternal",16,"male",2.73,10.25231443,16.06368981,53.88023918,2.46,20.03214054,NA,NA
"237","F2","MhPc","HSD","Maternal",17,"male",2.76,12.67721681,18.19762218,44.85092221,2.35,4.909708747,NA,NA
"238","F2","MhPc","HSD","Maternal",18,"male",2.43,11.23973216,14.4095837,39.03317735,2.35,10.18074111,NA,NA
"239","F2","MhPc","HSD","Maternal",19,"male",2.6,8.768478956,10.27284557,23.24291125,2.51,10.08166827,NA,NA
"240","F2","MhPc","HSD","Maternal",20,"male",2.55,8.039146102,13.67025561,23.37416905,2.42,14.98924982,NA,NA
"241","F2","MhPc","HSD","Maternal",21,"male",2.55,8.946078431,20.2077808,45.36114672,3.01,12.82715322,NA,NA
"242","F2","MhPc","HSD","Maternal",22,"male",2.58,7.676201701,13.8390738,25.64777532,2.11,17.22069426,NA,NA
"243","F2","MhPc","HSD","Maternal",23,"male",2.53,10.13556696,14.61415226,29.53462357,2.38,26.54862749,NA,NA
"244","F2","MhPc","HSD","Maternal",24,"male",2.6,6.710706671,10.96161922,28.95155197,2.48,53.58964894,NA,NA
"245","F2","McPh","HSD","Paternal",1,"male",2.34,10.19729737,17.18149622,18.84225473,2.3,26.03372416,NA,NA
"246","F2","McPh","HSD","Paternal",2,"male",2.54,9.998331595,10.93039366,30.65842895,2.62,64.64538302,NA,NA
"247","F2","McPh","HSD","Paternal",3,"male",2.6,9.548611111,12.16573179,20.57921496,2.7,53.92105544,NA,NA
"248","F2","McPh","HSD","Paternal",4,"male",2.64,6.10181311,22.03593587,22.76755338,2.55,33.68394543,NA,NA
"249","F2","McPh","HSD","Paternal",5,"male",2.67,8.067253004,6.091351608,9.771347805,2.44,33.64019335,NA,NA
"250","F2","McPh","HSD","Paternal",6,"male",2.65,7.533132943,13.15289399,20.05731086,2.74,40.52525219,NA,NA
"251","F2","McPh","HSD","Paternal",7,"male",2.59,13.377586,28.3786864,31.59750562,2.49,42.30894679,NA,NA
"252","F2","McPh","HSD","Paternal",8,"male",2.43,13.02052685,21.77553638,21.27235994,2.39,32.76059769,NA,NA
"253","F2","McPh","HSD","Paternal",9,"male",2.39,13.16784001,19.94991719,38.08660793,2.43,41.35209917,NA,NA
"254","F2","McPh","HSD","Paternal",10,"male",2.63,6.349577404,33.68127162,40.44077945,2.48,37.71119347,NA,NA
"255","F2","McPh","HSD","Paternal",11,"male",2.68,10.10157539,11.13907026,27.73110197,2.7,29.79849973,NA,NA
"256","F2","McPh","HSD","Paternal",12,"male",2.6,9.731570513,21.72594897,22.18705629,2.51,36.21180679,NA,NA
"257","F2","McPh","HSD","Paternal",13,"male",2.76,12.87486817,14.81916045,27.38916768,2.69,28.87810364,NA,NA
"258","F2","McPh","HSD","Paternal",14,"male",2.65,8.308699769,10.84067765,18.03065399,2.38,28.09212631,NA,NA
"259","F2","McPh","HSD","Paternal",15,"male",2.83,8.344181843,13.84696745,29.98566377,2.45,22.09861839,NA,NA
"260","F2","McPh","HSD","Paternal",16,"male",2.41,5.110194019,15.4952035,22.83772025,2.76,38.33273517,NA,NA
"261","F2","McPh","HSD","Paternal",17,"male",2.79,7.430997877,10.61251985,24.65079619,2.46,51.18846719,NA,NA
"262","F2","McPh","HSD","Paternal",18,"male",2.62,8.002566607,10.60400603,25.85259487,2.59,43.60020253,NA,NA
"263","F2","McPh","HSD","Paternal",19,"male",2.68,9.210292994,12.15417008,21.95194505,2.59,40.01434272,NA,NA
"264","F2","McPh","HSD","Paternal",20,"male",2.59,11.34770639,12.29343742,21.26421783,2.25,41.29258052,NA,NA
"265","F2","McPh","HSD","Paternal",21,"male",2.58,5.508507226,18.05721979,27.67879119,2.53,32.29347826,NA,NA
"266","F2","McPh","HSD","Paternal",22,"male",2.52,7.982841117,16.70851691,32.78749804,2.38,55.27873849,NA,NA
"267","F2","McPh","HSD","Paternal",23,"male",2.63,7.495614035,18.33292779,32.06514082,2.41,55.36216158,NA,NA
"268","F2","McPh","HSD","Paternal",24,"male",2.47,5.635547709,16.75021636,19.38872051,2.65,86.80255641,NA,NA
"269","F2","MhPh","HSD","Both",1,"male",2.6,11.58289412,12.1286534,32.02163362,2.49,9.900096831,NA,NA
"270","F2","MhPh","HSD","Both",2,"male",2.51,11.01730411,10.96004198,30.40338885,2.86,7.540987792,NA,NA
"271","F2","MhPh","HSD","Both",3,"male",2.62,11.33746484,14.81789406,17.71290306,2.31,8.98881671,NA,NA
"272","F2","MhPh","HSD","Both",4,"male",2.51,11.46192499,13.29464286,36.92287084,2.26,9.159951098,NA,NA
"273","F2","MhPh","HSD","Both",5,"male",2.51,11.87457046,14.93861387,26.45440294,2.53,8.721732617,NA,NA
"274","F2","MhPh","HSD","Both",6,"male",2.52,13.10013571,14.78676461,30.46826794,2.64,9.007588846,NA,NA
"275","F2","MhPh","HSD","Both",7,"male",2.52,8.312232759,10.10178547,15.66222675,2.47,9.293445076,NA,NA
"276","F2","MhPh","HSD","Both",8,"male",2.49,9.699195785,20.24035225,31.00920267,2.42,5.735349937,NA,NA
"277","F2","MhPh","HSD","Both",9,"male",2.6,10.94183529,8.538541083,25.40036724,2.34,8.251269298,NA,NA
"278","F2","MhPh","HSD","Both",10,"male",2.45,7.965955349,21.11414551,14.23405885,2.22,5.713240587,NA,NA
"279","F2","MhPh","HSD","Both",11,"male",2.38,8.221374659,16.39032202,13.59212925,2.5,4.976620752,NA,NA
"280","F2","MhPh","HSD","Both",12,"male",2.42,10.39553369,22.86584687,33.32079748,2.32,5.572876883,NA,NA
"281","F2","MhPh","HSD","Both",13,"male",2.69,10.76583936,12.47713009,29.47467898,2.53,8.290834165,NA,NA
"282","F2","MhPh","HSD","Both",14,"male",2.56,11.6816086,10.54604928,25.96493092,2.78,7.155786031,NA,NA
"283","F2","MhPh","HSD","Both",15,"male",2.57,10.22183366,12.49433906,23.08587556,2.37,6.9248252,NA,NA
"284","F2","MhPh","HSD","Both",16,"male",2.58,6.492775538,8.271717216,9.845678301,2.51,7.039719119,NA,NA
"285","F2","MhPh","HSD","Both",17,"male",2.64,11.16471161,12.64349818,22.60205383,2.69,4.875791307,NA,NA
"286","F2","MhPh","HSD","Both",18,"male",2.41,7.732573464,14.03209721,19.85308406,2.53,8.80404703,NA,NA
"287","F2","MhPh","HSD","Both",19,"male",2.6,5.811301343,12.91580488,11.09010711,2.59,9.429882203,NA,NA
"288","F2","MhPh","HSD","Both",20,"male",2.68,9.397460665,17.52294291,31.37015942,2.62,9.298935888,NA,NA
"289","F2","MhPh","HSD","Both",21,"male",2.54,10.06666286,13.12773109,23.00705405,2.41,8.48545236,NA,NA
"290","F2","MhPh","HSD","Both",22,"male",2.68,6.927825478,11.67435002,30.73447928,2.15,8.028782159,NA,NA
"291","F2","MhPh","HSD","Both",23,"male",2.63,8.430706994,14.03100897,22.87331263,2.61,8.972924872,NA,NA
"292","F2","MhPh","HSD","Both",24,"male",2.54,10.98649308,10.48366703,30.14313185,2.41,7.694065292,NA,NA
"293","F2","McPc","CD","Both",1,"female",4.02,8.704883227,11.54413749,20.62200157,3.37,18.99841852,532,NA
"294","F2","McPc","CD","Both",2,"female",3.79,14.1350211,17.32248653,56.15667933,3.65,19.08040824,513,NA
"295","F2","McPc","CD","Both",3,"female",3.85,13.11336025,16.55647913,33.53978625,3.59,22.10726693,618,NA
"296","F2","McPc","CD","Both",4,"female",3.55,12.50919936,13.82874879,36.5304512,3.65,20.21544138,493,NA
"297","F2","McPc","CD","Both",5,"female",3.73,10.46599062,6.168568392,19.05191626,3.68,22.62570606,137,NA
"298","F2","McPc","CD","Both",6,"female",3.72,9.914901731,11.43938195,26.64192585,3.64,20.81376437,461,NA
"299","F2","McPc","CD","Both",7,"female",3.83,12.165475,10.12769897,25.88355632,3.67,20.31027976,417,NA
"300","F2","McPc","CD","Both",8,"female",3.59,11.33564245,15.84406909,20.70592283,3.67,27.32769685,459,NA
"301","F2","McPc","CD","Both",9,"female",3.76,11.56862922,15.40535038,33.48463071,3.43,31.58709437,222,NA
"302","F2","McPc","CD","Both",10,"female",3.73,10.73588399,14.14343097,21.39086813,3.37,24.43752505,299,NA
"303","F2","McPc","CD","Both",11,"female",3.65,7.110350933,14.17874835,36.14897107,3.85,28.17063815,392,NA
"304","F2","McPc","CD","Both",12,"female",3.35,13.0746404,10.65741692,33.97550121,3.41,26.72415097,686,NA
"305","F2","McPc","CD","Both",13,"female",3.33,12.62037843,14.43085532,34.34995932,3.68,24.48412435,146,NA
"306","F2","McPc","CD","Both",14,"female",3.88,9.803678473,9.257705013,21.25747284,3.7,31.02166097,589,NA
"307","F2","McPc","CD","Both",15,"female",3.85,14.72230577,13.52005373,40.26999403,3.42,24.73746956,245,NA
"308","F2","McPc","CD","Both",16,"female",3.09,7.456499466,6.738214251,20.36255089,3.56,23.57703499,452,NA
"309","F2","McPc","CD","Both",17,"female",3.73,10.19334929,10.58152176,27.17909969,3.45,23.14591047,355,NA
"310","F2","McPc","CD","Both",18,"female",3.79,8.653473115,13.25745112,13.68640292,3.72,30.45768582,289,NA
"311","F2","McPc","CD","Both",19,"female",3.84,12.8733697,13.00421598,39.03629981,3.43,35.13833062,900,NA
"312","F2","McPc","CD","Both",20,"female",3.85,8.765996025,11.21816779,25.89436597,3.57,26.66059648,334,NA
"313","F2","McPc","CD","Both",21,"female",3.05,11.61409121,12.10531562,26.09804433,3.39,15.94248165,502,NA
"314","F2","McPc","CD","Both",22,"female",3.83,8.671087853,15.79913526,29.40661644,3.88,24.98941844,449,NA
"315","F2","McPc","CD","Both",23,"female",3.43,11.97279828,11.82895763,22.86687991,3.38,21.62208712,218,NA
"316","F2","McPc","CD","Both",24,"female",3.72,9.574779106,8.728591315,23.84410542,3.55,26.70939858,188,NA
"317","F2","McPc","CD","Both",25,"female",NA,NA,NA,NA,NA,NA,319,NA
"318","F2","MhPc","HSD","Maternal",1,"female",3.91,9.650546359,9.357143262,19.91258639,3.41,20.2988743,889,NA
"319","F2","MhPc","HSD","Maternal",2,"female",3.82,8.006612388,10.56910046,18.32494656,3.53,29.22699159,529,NA
"320","F2","MhPc","HSD","Maternal",3,"female",3.88,11.15543151,8.570107689,10.67331965,3.49,24.60180013,840,NA
"321","F2","MhPc","HSD","Maternal",4,"female",3.61,9.340306101,9.545831508,8.250411577,3.41,19.16140143,735,NA
"322","F2","MhPc","HSD","Maternal",5,"female",3.73,6.569261155,10.42205373,12.53517867,3.85,22.34547897,605,NA
"323","F2","MhPc","HSD","Maternal",6,"female",3.86,8.900327213,10.5012098,18.27782603,3.29,27.22027736,957,NA
"324","F2","MhPc","HSD","Maternal",7,"female",3.43,10.6742815,10.99819584,24.1610797,3.32,27.19528676,390,NA
"325","F2","MhPc","HSD","Maternal",8,"female",3.39,9.049595849,13.49702542,16.00511829,3.42,25.39513848,380,NA
"326","F2","MhPc","HSD","Maternal",9,"female",3.82,7.966680262,9.014902307,7.604635438,3.6,24.56143755,724,NA
"327","F2","MhPc","HSD","Maternal",10,"female",3.94,8.717674189,10.04186422,17.19905042,3.73,27.86922341,775,NA
"328","F2","MhPc","HSD","Maternal",11,"female",3.77,7.506618081,11.33709618,14.40785622,3.64,33.32600775,241,NA
"329","F2","MhPc","HSD","Maternal",12,"female",3.93,8.16254923,9.614186229,20.08580879,3.69,30.22153995,275,NA
"330","F2","MhPc","HSD","Maternal",13,"female",3.72,6.568233145,11.27975702,19.44334837,3.36,31.12143805,583,NA
"331","F2","MhPc","HSD","Maternal",14,"female",3.42,8.282208589,8.017468467,17.85201745,3.65,12.95880736,414,NA
"332","F2","MhPc","HSD","Maternal",15,"female",3.89,8.333333333,7.538735809,17.81215959,3.64,18.20379331,367,NA
"333","F2","MhPc","HSD","Maternal",16,"female",3.65,7.761520388,9.72687021,17.59123356,3.53,30.56900914,328,NA
"334","F2","MhPc","HSD","Maternal",17,"female",3.93,6.89378766,11.4942262,24.73121234,3.49,24.76777548,624,NA
"335","F2","MhPc","HSD","Maternal",18,"female",4.16,7.695714686,6.128418401,17.9769502,3.82,34.59931324,207,NA
"336","F2","MhPc","HSD","Maternal",19,"female",3.95,11.0006653,9.278021102,19.3877065,3.56,23.23394636,876,NA
"337","F2","MhPc","HSD","Maternal",20,"female",3.52,9.195999713,10.20317059,11.78996823,3.67,32.36105353,195,NA
"338","F2","MhPc","HSD","Maternal",21,"female",3.99,10.17619666,6.690531387,17.58743764,3.73,25.81542341,381,NA
"339","F2","MhPc","HSD","Maternal",22,"female",4.17,7.326802033,10.56000172,18.68024229,4.15,37.79948686,348,NA
"340","F2","MhPc","HSD","Maternal",23,"female",4.04,8.575117628,7.177028467,10.45077817,3.33,35.8567672,274,NA
"341","F2","MhPc","HSD","Maternal",24,"female",3.71,10.09867024,6.588027289,19.5830273,3.2,22.83412273,1060,NA
"342","F2","MhPc","HSD","Maternal",25,"female",NA,NA,NA,NA,NA,NA,475,NA
"343","F2","McPh","HSD","Paternal",1,"female",3.47,10.40757115,12.16860629,19.0952153,3.6,23.647217,529,NA
"344","F2","McPh","HSD","Paternal",2,"female",3.52,9.207638279,12.44298208,31.76516424,3.82,27.76318336,937,NA
"345","F2","McPh","HSD","Paternal",3,"female",3.27,13.9865953,10.60290008,31.64340807,4.09,31.69158832,493,NA
"346","F2","McPh","HSD","Paternal",4,"female",3.29,7.613651831,9.222506982,20.34532457,3.71,23.98346227,379,NA
"347","F2","McPh","HSD","Paternal",5,"female",3.37,9.285216369,10.64359943,17.09475152,3.76,25.95172784,271,NA
"348","F2","McPh","HSD","Paternal",6,"female",3.26,8.474279558,10.5203064,24.63906417,3.65,25.29530562,712,NA
"349","F2","McPh","HSD","Paternal",7,"female",3.53,10.81377782,11.08256259,15.0894247,3.76,24.73007071,203,NA
"350","F2","McPh","HSD","Paternal",8,"female",3.3,8.75273523,10.7619217,16.41074348,3.46,27.83949603,537,NA
"351","F2","McPh","HSD","Paternal",9,"female",3.47,8.003980128,8.950940787,8.31330122,3.54,26.11119703,807,NA
"352","F2","McPh","HSD","Paternal",10,"female",3.66,6.614198212,11.21278332,22.13185049,3.69,26.05129298,220,NA
"353","F2","McPh","HSD","Paternal",11,"female",3.75,10.58951965,5.5097228,16.00860677,3.81,16.78415465,518,NA
"354","F2","McPh","HSD","Paternal",12,"female",4.04,5.460313639,9.981701616,11.72791092,3.77,28.09582533,752,NA
"355","F2","McPh","HSD","Paternal",13,"female",3.66,7.529004783,8.231806702,17.1347582,3.68,24.27125025,401,NA
"356","F2","McPh","HSD","Paternal",14,"female",3.41,9.331232493,11.22578909,26.42429934,3.48,28.03230606,983,NA
"357","F2","McPh","HSD","Paternal",15,"female",3.73,10.08316008,7.549415674,16.36312091,4.15,34.4018773,409,NA
"358","F2","McPh","HSD","Paternal",16,"female",3.65,8.308852014,10.6287678,21.91655782,3.4,35.42744532,502,NA
"359","F2","McPh","HSD","Paternal",17,"female",3.54,10.39915966,8.421863063,25.16754636,3.96,41.37783991,405,NA
"360","F2","McPh","HSD","Paternal",18,"female",3.48,9.015124181,10.74156277,36.81383417,3.16,27.63787579,241,NA
"361","F2","McPh","HSD","Paternal",19,"female",3.7,11.64944256,9.638479346,26.13294894,3.59,35.5500429,315,NA
"362","F2","McPh","HSD","Paternal",20,"female",3.89,7.47202135,11.07883565,24.95368734,3.18,33.38578052,401,NA
"363","F2","McPh","HSD","Paternal",21,"female",3.32,7.168514382,10.25626185,24.99339292,3.43,23.69487114,486,NA
"364","F2","McPh","HSD","Paternal",22,"female",4.05,6.591017678,9.024348045,22.56645882,3.96,43.07545973,520,NA
"365","F2","McPh","HSD","Paternal",23,"female",3.3,8.635394456,11.98118226,35.25577597,3.6,22.29993484,633,NA
"366","F2","McPh","HSD","Paternal",24,"female",3.94,7.685312931,8.887933497,20.69956094,3.93,32.22745351,505,NA
"367","F2","McPh","HSD","Paternal",25,"female",NA,NA,NA,NA,NA,NA,289,NA
"368","F2","MhPh","HSD","Both",1,"female",3.78,9.655372255,11.28638482,18.4164054,3.32,23.07805175,796,NA
"369","F2","MhPh","HSD","Both",2,"female",3.46,9.597101552,11.95259257,18.84588142,3.64,25.69817516,240,NA
"370","F2","MhPh","HSD","Both",3,"female",3.62,9.067861429,11.64201006,19.1498546,3.8,23.97290177,178,NA
"371","F2","MhPh","HSD","Both",4,"female",3.84,8.113247863,9.655139928,17.58272903,3.84,26.00956044,287,NA
"372","F2","MhPh","HSD","Both",5,"female",3.76,7.406106648,10.52472698,17.36890643,3.71,45.59251411,293,NA
"373","F2","MhPh","HSD","Both",6,"female",3.68,11.65733836,10.85003409,16.27516298,3.66,28.08241896,378,NA
"374","F2","MhPh","HSD","Both",7,"female",3.27,8.520372289,8.891638269,5.904019289,3.62,17.3547666,346,NA
"375","F2","MhPh","HSD","Both",8,"female",3.6,7.870595449,12.07522954,22.59768005,3.6,21.68196248,466,NA
"376","F2","MhPh","HSD","Both",9,"female",3.86,4.258536056,12.20110256,24.03101102,3.633,29.81399074,205,NA
"377","F2","MhPh","HSD","Both",10,"female",3.72,9.414325984,6.590469421,17.79376808,3.68,25.95037683,383,NA
"378","F2","MhPh","HSD","Both",11,"female",3.37,7.834838224,13.06638077,18.41865908,3.84,37.36767343,252,NA
"379","F2","MhPh","HSD","Both",12,"female",3.76,9.897569822,9.74088021,21.23252373,2.96,23.20766358,222,NA
"380","F2","MhPh","HSD","Both",13,"female",3.68,10.37915415,3.972800493,11.56233521,3.93,37.342898,279,NA
"381","F2","MhPh","HSD","Both",14,"female",3.78,7.546663241,9.308757878,18.74407868,3.74,37.49061355,364,NA
"382","F2","MhPh","HSD","Both",15,"female",3.84,9.711380466,10.52121054,14.52413226,3.92,35.12511168,194,NA
"383","F2","MhPh","HSD","Both",16,"female",3.53,7.849313483,8.027583961,17.69104716,3.6,19.8381178,792,NA
"384","F2","MhPh","HSD","Both",17,"female",3.47,7.591711662,11.44433067,13.54067133,3.32,7.94373036,394,NA
"385","F2","MhPh","HSD","Both",18,"female",3.67,9.91448633,9.634623624,16.22620729,3.59,25.89266653,180,NA
"386","F2","MhPh","HSD","Both",19,"female",3.48,7.893037994,8.512622759,8.196331254,3.48,26.50314091,220,NA
"387","F2","MhPh","HSD","Both",20,"female",3.79,6.991485543,11.73031024,20.62349733,3.67,34.59901871,345,NA
"388","F2","MhPh","HSD","Both",21,"female",3.89,8.174552125,6.607064523,13.58104724,4.06,29.97494378,374,NA
"389","F2","MhPh","HSD","Both",22,"female",3.67,5.244260665,9.034529536,13.74249858,3.78,29.30173215,209,NA
"390","F2","MhPh","HSD","Both",23,"female",3.49,9.650844904,8.547860823,14.76105309,3.53,29.34496492,320,NA
"391","F2","MhPh","HSD","Both",24,"female",3.53,7.185303641,7.881852531,14.37021612,3.46,31.89090869,955,NA
"392","F2","MhPh","HSD","Both",25,"female",NA,NA,NA,NA,NA,NA,307,NA
"393","F3","McPc","CD","Both",1,"male",2.13,7.149774604,14.9799553,9.711887751,2.57,30.50461377,NA,NA
"394","F3","McPc","CD","Both",2,"male",2.45,6.662277284,11.55145316,16.85977511,2.68,28.89314689,NA,NA
"395","F3","McPc","CD","Both",3,"male",2.46,6.093082207,12.71242653,14.57008586,2.43,16.62830378,NA,NA
"396","F3","McPc","CD","Both",4,"male",2.53,5.529844015,10.90204542,22.92833957,2.89,25.78687884,NA,NA
"397","F3","McPc","CD","Both",5,"male",2.55,5.94609595,11.57050417,19.20411602,2.47,22.38792259,NA,NA
"398","F3","McPc","CD","Both",6,"male",2.44,6.671650327,9.262950804,24.86751987,2.54,34.81228732,NA,NA
"399","F3","McPc","CD","Both",7,"male",2.51,7.172178427,10.53726327,12.90526417,2.62,30.84557537,NA,NA
"400","F3","McPc","CD","Both",8,"male",2.5,5.901713115,10.7006861,15.56282359,2.5,37.11495974,NA,NA
"401","F3","McPc","CD","Both",9,"male",2.43,7.67460913,8.293269776,17.11144631,2.59,33.67076561,NA,NA
"402","F3","McPc","CD","Both",10,"male",2.49,8.060945566,12.75517707,15.32361411,2.53,29.49617523,NA,NA
"403","F3","McPc","CD","Both",11,"male",2.56,6.932134439,13.77727336,15.48667674,2.56,17.18381353,NA,NA
"404","F3","McPc","CD","Both",12,"male",2.33,7.955386138,22.18616681,12.34581749,2.78,25.2060346,NA,NA
"405","F3","McPc","CD","Both",13,"male",2.25,7.876909578,13.01488967,5.350408183,2.62,25.81959382,NA,NA
"406","F3","McPc","CD","Both",14,"male",2.71,8.082540777,12.29336482,6.779172407,2.49,18.92423953,NA,NA
"407","F3","McPc","CD","Both",15,"male",2.59,8.329832807,30.66444448,12.3583315,2.57,16.09182112,NA,NA
"408","F3","McPc","CD","Both",16,"male",2.42,7.882413068,14.27188772,12.59320873,2.54,29.386311,NA,NA
"409","F3","McPc","CD","Both",17,"male",2.65,8.044395409,17.39699444,19.86627303,2.65,20.70730417,NA,NA
"410","F3","McPc","CD","Both",18,"male",2.59,6.956096741,14.67066919,24.0714058,2.64,30.41562783,NA,NA
"411","F3","McPc","CD","Both",19,"male",2.57,8.046960826,12.25216152,10.51737447,2.57,20.37141158,NA,NA
"412","F3","McPc","CD","Both",20,"male",2.38,7.598319034,8.906442548,15.47851857,2.5,14.78383143,NA,NA
"413","F3","McPc","CD","Both",21,"male",2.4,7.139950735,13.76654151,7.891131829,2.57,19.84783202,NA,NA
"414","F3","McPc","CD","Both",22,"male",2.41,7.498740807,10.96289761,10.90803314,2.48,31.33181323,NA,NA
"415","F3","McPc","CD","Both",23,"male",2.35,6.688604106,8.714873916,8.683209123,2.43,18.81480216,NA,NA
"416","F3","McPc","CD","Both",24,"male",2.52,7.787811078,16.58031958,7.180127457,2.59,12.25849501,NA,NA
"417","F3","McPc","CD","Both",25,"male",2.51,8.688724903,14.9799553,9.36973713,2.39,16.28100588,NA,NA
"418","F3","McPc","CD","Both",26,"male",2.6,7.627469374,11.55145316,5.691265883,2.8,24.47606414,NA,NA
"419","F3","McPc","CD","Both",27,"male",2.46,5.881989852,12.71242653,19.28414053,2.46,18.0380475,NA,NA
"420","F3","McPc","CD","Both",28,"male",2.44,6.997813278,10.90204542,17.71816085,2.31,6.663331712,NA,NA
"421","F3","McPc","CD","Both",29,"male",2.58,7.934346152,11.57050417,10.4411424,2.58,24.45463337,NA,NA
"422","F3","McPc","CD","Both",30,"male",2.68,10.14861991,9.262950804,19.60627183,2.51,13.99946143,NA,NA
"423","F3","MhPc","HSD","Maternal",1,"male",2.64,7.029331696,13.67779911,20.03060117,2.67,32.71191032,NA,NA
"424","F3","MhPc","HSD","Maternal",2,"male",2.57,7.887218045,10.70021967,17.94829889,2.64,25.48561674,NA,NA
"425","F3","MhPc","HSD","Maternal",3,"male",2.41,11.39591596,11.95843958,14.37086832,2.74,32.59346695,NA,NA
"426","F3","MhPc","HSD","Maternal",4,"male",2.5,8.884498846,8.102356564,20.29373498,2.42,17.62312296,NA,NA
"427","F3","MhPc","HSD","Maternal",5,"male",2.35,5.923117304,10.80362937,16.41519892,2.59,12.93679354,NA,NA
"428","F3","MhPc","HSD","Maternal",6,"male",2.43,7.253611486,11.52234594,14.29852257,2.55,20.89791622,NA,NA
"429","F3","MhPc","HSD","Maternal",7,"male",2.6,8.367591523,10.910363,12.72744105,2.46,29.37415853,NA,NA
"430","F3","MhPc","HSD","Maternal",8,"male",2.43,8.225867892,12.10354643,18.15836832,2.5,12.79407468,NA,NA
"431","F3","MhPc","HSD","Maternal",9,"male",2.63,7.7664862,11.19795252,20.05609035,2.65,18.6197783,NA,NA
"432","F3","MhPc","HSD","Maternal",10,"male",2.47,8.268126236,9.415478657,15.12788573,2.62,33.54986388,NA,NA
"433","F3","MhPc","HSD","Maternal",11,"male",2.87,7.285799714,10.4748082,14.67136527,2.56,15.7126359,NA,NA
"434","F3","MhPc","HSD","Maternal",12,"male",2.59,6.203476191,10.35728415,12.75055956,2.55,14.11182908,NA,NA
"435","F3","MhPc","HSD","Maternal",13,"male",2.51,6.903195248,14.95007497,8.857707189,2.49,39.77054701,NA,NA
"436","F3","MhPc","HSD","Maternal",14,"male",2.35,8.370369382,17.96365936,6.81151199,2.43,10.20481514,NA,NA
"437","F3","MhPc","HSD","Maternal",15,"male",2.64,6.551302171,18.11806545,24.5950025,2.45,16.04691218,NA,NA
"438","F3","MhPc","HSD","Maternal",16,"male",2.42,7.067400053,12.2583566,14.8733478,2.6,16.13050361,NA,NA
"439","F3","MhPc","HSD","Maternal",17,"male",2.57,7.39664972,20.6310809,19.63542751,2.47,9.225431494,NA,NA
"440","F3","MhPc","HSD","Maternal",18,"male",3.42,6.331916245,15.31654555,16.86903333,2.61,27.88780754,NA,NA
"441","F3","MhPc","HSD","Maternal",19,"male",2.36,7.380972084,14.75362889,10.18422479,2.84,22.71835417,NA,NA
"442","F3","MhPc","HSD","Maternal",20,"male",2.54,7.805121392,9.832467999,10.92028819,2.3,16.44529181,NA,NA
"443","F3","MhPc","HSD","Maternal",21,"male",2.46,8.733320979,17.78763317,11.94474088,2.35,16.2239424,NA,NA
"444","F3","MhPc","HSD","Maternal",22,"male",2.22,6.891893252,16.00462357,11.55146322,2.4,37.25953722,NA,NA
"445","F3","MhPc","HSD","Maternal",23,"male",2.6,8.770659506,15.44952248,8.127601173,2.65,30.87951254,NA,NA
"446","F3","MhPc","HSD","Maternal",24,"male",2.52,6.382895226,10.97727199,10.28118666,2.36,13.55441953,NA,NA
"447","F3","MhPc","HSD","Maternal",25,"male",2.46,6.935767777,10.53726327,7.278335876,2.57,18.84293115,NA,NA
"448","F3","MhPc","HSD","Maternal",26,"male",2.57,7.425125554,10.7006861,9.092556126,2.58,22.07011111,NA,NA
"449","F3","MhPc","HSD","Maternal",27,"male",2.35,6.893393778,8.293269776,7.632297921,2.32,55.64958424,NA,NA
"450","F3","MhPc","HSD","Maternal",28,"male",2.64,7.266904725,12.75517707,13.91877792,2.42,21.90500604,NA,NA
"451","F3","MhPc","HSD","Maternal",29,"male",2.44,6.488191169,13.77727336,10.12940176,2.5,19.98903954,NA,NA
"452","F3","MhPc","HSD","Maternal",30,"male",2.42,7.696177062,22.18616681,15.95684321,2.67,17.73379404,NA,NA
"453","F3","McPh","HSD","Paternal",1,"male",2.73,11.17580999,8.363606344,7.757497992,2.61,22.00345189,NA,NA
"454","F3","McPh","HSD","Paternal",2,"male",2.64,8.844845388,9.320902439,16.48728334,2.51,21.47491653,NA,NA
"455","F3","McPh","HSD","Paternal",3,"male",2.5,7.480035374,9.495004832,18.49323221,2.55,22.62040633,NA,NA
"456","F3","McPh","HSD","Paternal",4,"male",2.59,9.657364456,7.414965067,14.1939788,2.72,34.72753731,NA,NA
"457","F3","McPh","HSD","Paternal",5,"male",2.53,10.15506483,7.224414158,10.25790124,2.59,25.85270537,NA,NA
"458","F3","McPh","HSD","Paternal",6,"male",2.55,7.037258515,10.84835661,13.55136209,2.52,30.91716302,NA,NA
"459","F3","McPh","HSD","Paternal",7,"male",2.46,6.845767916,14.11305241,12.61445574,2.58,32.25721666,NA,NA
"460","F3","McPh","HSD","Paternal",8,"male",2.64,8.562421309,9.198659963,11.97508532,3.32,34.27739427,NA,NA
"461","F3","McPh","HSD","Paternal",9,"male",2.34,7.265102188,6.121108603,17.442668,2.4,21.58407755,NA,NA
"462","F3","McPh","HSD","Paternal",10,"male",2.6,7.617728532,4.787922223,16.01731597,2.61,27.22708184,NA,NA
"463","F3","McPh","HSD","Paternal",11,"male",2.66,10.8964381,5.513914483,15.29591035,2.62,48.28717731,NA,NA
"464","F3","McPh","HSD","Paternal",12,"male",2.5,6.897062465,8.681832259,16.92592474,2.66,16.15531844,NA,NA
"465","F3","McPh","HSD","Paternal",13,"male",2.5,10.36933208,19.03902691,11.45279321,2.44,25.45103053,NA,NA
"466","F3","McPh","HSD","Paternal",14,"male",2.58,6.205083142,14.79816861,10.16793874,2.65,28.21342447,NA,NA
"467","F3","McPh","HSD","Paternal",15,"male",2.61,9.509157254,17.29708862,19.87885731,2.42,16.98016383,NA,NA
"468","F3","McPh","HSD","Paternal",16,"male",2.82,6.923221061,17.36241507,9.6080813,2.59,34.08263659,NA,NA
"469","F3","McPh","HSD","Paternal",17,"male",2.55,9.125073243,19.70584662,15.73129446,2.5,15.65783488,NA,NA
"470","F3","McPh","HSD","Paternal",18,"male",2.38,6.574846761,16.97830748,13.3274111,2.6,21.38224401,NA,NA
"471","F3","McPh","HSD","Paternal",19,"male",2.48,8.501088702,19.47386513,19.86520625,2.62,24.74858046,NA,NA
"472","F3","McPh","HSD","Paternal",20,"male",2.51,6.413095761,16.59484341,11.39947723,2.68,29.18537918,NA,NA
"473","F3","McPh","HSD","Paternal",21,"male",2.6,7.815042231,16.18134008,18.23787104,2.44,31.06890425,NA,NA
"474","F3","McPh","HSD","Paternal",22,"male",2.67,8.280688033,17.47787294,15.48294427,2.58,19.49087464,NA,NA
"475","F3","McPh","HSD","Paternal",23,"male",2.63,8.429005846,15.89713999,13.02858156,2.56,30.85833103,NA,NA
"476","F3","McPh","HSD","Paternal",24,"male",2.55,7.923534556,17.73500151,23.23896348,2.49,25.98293683,NA,NA
"477","F3","McPh","HSD","Paternal",25,"male",2.57,9.050546448,13.01488967,24.53767142,2.38,22.19954297,NA,NA
"478","F3","McPh","HSD","Paternal",26,"male",2.5,8.280632411,12.29336482,21.23636909,2.32,14.36881147,NA,NA
"479","F3","McPh","HSD","Paternal",27,"male",2.51,6.98633037,30.66444448,26.20983148,2.69,17.62166656,NA,NA
"480","F3","McPh","HSD","Paternal",28,"male",2.57,7.97082495,14.27188772,21.54142906,2.53,15.30072924,NA,NA
"481","F3","McPh","HSD","Paternal",29,"male",2.27,3.602351785,17.39699444,14.52601465,2.71,18.10920766,NA,NA
"482","F3","McPh","HSD","Paternal",30,"male",2.51,6.969059868,14.67066919,15.58662065,2.6,28.94543779,NA,NA
"483","F3","MhPh","HSD","Both",1,"male",2.53,8.799059504,8.216448934,10.6837897,2.56,31.02052526,NA,NA
"484","F3","MhPh","HSD","Both",2,"male",2.62,8.799903327,11.1301908,20.15529634,2.77,29.49895123,NA,NA
"485","F3","MhPh","HSD","Both",3,"male",2.56,8.803696445,13.09546064,15.84770638,2.52,31.5513916,NA,NA
"486","F3","MhPh","HSD","Both",4,"male",2.47,7.072294732,11.04174237,16.39531808,2.41,18.08711449,NA,NA
"487","F3","MhPh","HSD","Both",5,"male",2.42,7.61249367,10.82418072,15.43118695,2.54,22.03531592,NA,NA
"488","F3","MhPh","HSD","Both",6,"male",2.4,7.343779959,11.08484568,12.27852745,2.36,30.62566204,NA,NA
"489","F3","MhPh","HSD","Both",7,"male",2.45,6.898260043,5.532390512,12.88004184,2.55,21.92174812,NA,NA
"490","F3","MhPh","HSD","Both",8,"male",2.43,9.573705838,6.353545953,20.24991452,2.54,27.09253648,NA,NA
"491","F3","MhPh","HSD","Both",9,"male",2.43,9.765613073,8.605175528,17.41533243,2.57,18.32812295,NA,NA
"492","F3","MhPh","HSD","Both",10,"male",2.37,4.597577866,13.47884631,14.99038483,2.54,19.52544278,NA,NA
"493","F3","MhPh","HSD","Both",11,"male",2.69,9.034555558,11.64896647,21.9722569,2.4,31.62094253,NA,NA
"494","F3","MhPh","HSD","Both",12,"male",2.64,11.15174666,9.035180072,25.73186672,2.38,24.72595737,NA,NA
"495","F3","MhPh","HSD","Both",13,"male",2.44,8.762865359,17.3398408,18.70811283,2.43,79.98749354,NA,NA
"496","F3","MhPh","HSD","Both",14,"male",2.64,6.414015804,34.12627077,16.73324795,2.55,28.48287337,NA,NA
"497","F3","MhPh","HSD","Both",15,"male",2.5,9.616225833,21.03743934,13.45129153,2.51,32.01837729,NA,NA
"498","F3","MhPh","HSD","Both",16,"male",2.54,6.620160532,13.74644415,8.553771948,2.54,24.08286937,NA,NA
"499","F3","MhPh","HSD","Both",17,"male",2.63,10.82615585,16.90771013,11.06492723,2.48,19.29153787,NA,NA
"500","F3","MhPh","HSD","Both",18,"male",2.73,8.684903244,15.65197581,6.23945573,2.62,7.548306512,NA,NA
"501","F3","MhPh","HSD","Both",19,"male",2.63,7.973886628,23.10209215,9.465106417,2.68,8.688772402,NA,NA
"502","F3","MhPh","HSD","Both",20,"male",2.46,7.450130172,11.43548848,11.14282007,2.4,10.9538928,NA,NA
"503","F3","MhPh","HSD","Both",21,"male",2.47,7.06651966,20.15176763,7.168210141,2.51,27.12168454,NA,NA
"504","F3","MhPh","HSD","Both",22,"male",2.62,4.672006102,9.866139844,2.451032361,2.24,16.60468036,NA,NA
"505","F3","MhPh","HSD","Both",23,"male",2.47,7.311982534,16.90278826,11.88220719,2.47,9.439088263,NA,NA
"506","F3","MhPh","HSD","Both",24,"male",2.45,7.702707213,16.49795326,6.064740899,2.26,28.97864425,NA,NA
"507","F3","MhPh","HSD","Both",25,"male",2.53,8.060897563,12.25216152,9.906514754,2.67,26.84871222,NA,NA
"508","F3","MhPh","HSD","Both",26,"male",2.6,4.679267001,8.906442548,17.56815835,2.64,31.12135122,NA,NA
"509","F3","MhPh","HSD","Both",27,"male",2.45,7.841531543,13.76654151,17.02827609,2.82,11.69788003,NA,NA
"510","F3","MhPh","HSD","Both",28,"male",2.46,7.682610784,10.96289761,15.79353938,2.47,12.18549446,NA,NA
"511","F3","MhPh","HSD","Both",29,"male",2.53,4.583539095,8.714873916,16.17639309,2.16,10.80847886,NA,NA
"512","F3","MhPh","HSD","Both",30,"male",2.59,4.878035381,16.58031958,22.61764131,2.61,9.049944691,NA,NA
"513","F3","McPc","CD","Both",1,"female",3.72,10.69929549,11.18451816,19.28623098,3.34,32.41773611,484,NA
"514","F3","McPc","CD","Both",2,"female",2.88,7.681937539,18.54177983,13.63245378,3.68,40.59876273,234,NA
"515","F3","McPc","CD","Both",3,"female",4.24,9.962696057,13.24742707,15.65596649,3.37,41.65997212,203,NA
"516","F3","McPc","CD","Both",4,"female",3.71,10.76471074,16.99431158,12.15604488,3.83,32.45093224,246,NA
"517","F3","McPc","CD","Both",5,"female",3.46,11.89843196,16.9776733,23.7253003,3.67,40.59097497,293,NA
"518","F3","McPc","CD","Both",6,"female",3.87,14.07852914,14.27499977,34.83655508,3.51,33.51455605,239,NA
"519","F3","McPc","CD","Both",7,"female",3.33,14.53981276,26.4914972,36.73227851,3.67,30.17900157,288,NA
"520","F3","McPc","CD","Both",8,"female",3.5,11.49245372,14.67642534,17.81143129,3.95,59.66306967,381,NA
"521","F3","McPc","CD","Both",9,"female",2.7,11.64448984,14.47907048,19.75794918,3.84,34.37280518,404,NA
"522","F3","McPc","CD","Both",10,"female",4,10.82632033,17.75937939,21.25849293,3.75,32.47043515,196,NA
"523","F3","McPc","CD","Both",11,"female",3.69,11.52696012,9.251454446,22.52236498,3.72,28.48715646,211,NA
"524","F3","McPc","CD","Both",12,"female",3.83,11.58062332,9.766866529,14.91562644,3.49,24.79924152,171,NA
"525","F3","McPc","CD","Both",13,"female",3.82,11.91210621,10.59790224,26.31888619,3.59,30.58234369,193,NA
"526","F3","McPc","CD","Both",14,"female",3.99,13.14388434,18.15834738,39.79638614,3.8,29.98305711,225,NA
"527","F3","McPc","CD","Both",15,"female",3.6,9.887743963,14.10912806,19.25414795,3.76,37.48760637,350,NA
"528","F3","McPc","CD","Both",16,"female",3.68,10.66092536,14.83375694,29.47920708,3.38,30.57021456,652,NA
"529","F3","McPc","CD","Both",17,"female",3.66,10.77778351,17.46134879,37.04087323,3.66,39.27501756,402,NA
"530","F3","McPc","CD","Both",18,"female",3.65,9.439803167,18.52241347,9.125851589,3.68,41.1570401,371,NA
"531","F3","McPc","CD","Both",19,"female",3.72,13.50228914,15.43468817,29.69629237,3.53,32.06504167,454,NA
"532","F3","McPc","CD","Both",20,"female",3.95,8.406152456,8.626121225,16.08284125,3.82,42.0212369,237,NA
"533","F3","McPc","CD","Both",21,"female",3.82,13.37952096,11.86523547,37.80623211,4.1,51.78471618,438,NA
"534","F3","McPc","CD","Both",22,"female",3.68,10.54530741,17.74252299,42.09198951,3.51,43.63153879,462,NA
"535","F3","McPc","CD","Both",23,"female",3.68,10.06959214,11.327263,27.72470516,3.46,43.85295173,330,NA
"536","F3","McPc","CD","Both",24,"female",3.77,12.62416486,11.23094812,50.66798839,3.22,23.53602285,385,NA
"537","F3","McPc","CD","Both",25,"female",3.76,11.03430928,17.70334871,24.4014742,3.49,32.63865573,328,NA
"538","F3","McPc","CD","Both",26,"female",3.72,9.162656283,14.94014244,21.74474788,3.93,42.62151904,NA,NA
"539","F3","McPc","CD","Both",27,"female",3.84,10.74598861,19.09768862,32.41123989,3.64,32.86397753,NA,NA
"540","F3","McPc","CD","Both",28,"female",3.86,9.155863165,16.64817966,16.90968249,4.04,39.04071841,NA,NA
"541","F3","McPc","CD","Both",29,"female",3.43,8.966989482,12.91413708,11.6896573,3.63,26.88733127,NA,NA
"542","F3","McPc","CD","Both",30,"female",3.48,9.764780421,13.98913437,17.17704655,3.1,36.32356226,NA,NA
"543","F3","MhPc","HSD","Maternal",1,"female",3.55,8.296980921,13.87982584,21.28910131,3.48,29.08271977,492,NA
"544","F3","MhPc","HSD","Maternal",2,"female",3.48,9.503211868,13.90819329,15.19066568,3.86,66.26561026,472,NA
"545","F3","MhPc","HSD","Maternal",3,"female",3.78,11.22499429,10.69817254,26.3013215,3.4,32.9825578,265,NA
"546","F3","MhPc","HSD","Maternal",4,"female",3.7,14.15944052,11.06500514,23.75572073,3.73,37.7409243,290,NA
"547","F3","MhPc","HSD","Maternal",5,"female",3.56,9.70579955,16.26822642,23.05822731,3.67,27.38025819,353,NA
"548","F3","MhPc","HSD","Maternal",6,"female",3.86,12.04511046,17.78525637,22.39933398,3.52,27.04775097,384,NA
"549","F3","MhPc","HSD","Maternal",7,"female",3.41,12.83839285,12.85317462,10.98878242,3.66,45.39126621,810,NA
"550","F3","MhPc","HSD","Maternal",8,"female",3.19,9.694826814,14.9003862,10.75507094,3.22,36.16866122,474,NA
"551","F3","MhPc","HSD","Maternal",9,"female",3.62,11.47212991,16.74012411,19.5564152,3.45,42.74880868,411,NA
"552","F3","MhPc","HSD","Maternal",10,"female",3.82,13.07620774,14.65032961,24.24459863,3.75,43.28890566,319,NA
"553","F3","MhPc","HSD","Maternal",11,"female",3.93,13.43608213,11.56792931,15.5518022,3.66,22.22585707,460,NA
"554","F3","MhPc","HSD","Maternal",12,"female",3.86,11.83636447,10.5327591,12.22588374,3.19,38.28332673,515,NA
"555","F3","MhPc","HSD","Maternal",13,"female",3.92,12.29984655,13.70812344,34.94431747,4.03,56.74152352,383,NA
"556","F3","MhPc","HSD","Maternal",14,"female",3.86,12.00599218,11.75599204,32.72905687,3.43,54.09394021,274,NA
"557","F3","MhPc","HSD","Maternal",15,"female",3.76,10.93076761,15.76005523,29.02784347,3.41,35.83051008,339,NA
"558","F3","MhPc","HSD","Maternal",16,"female",3.93,12.71209943,17.96318792,34.09005239,3.56,26.08963376,217,NA
"559","F3","MhPc","HSD","Maternal",17,"female",3.87,10.44240677,18.3823904,22.97221255,3.61,28.49514034,567,NA
"560","F3","MhPc","HSD","Maternal",18,"female",3.87,13.09277829,17.45416119,11.63470398,3.46,27.20454672,544,NA
"561","F3","MhPc","HSD","Maternal",19,"female",3.75,12.18528517,15.74390756,19.20179377,3.42,37.55868552,111,NA
"562","F3","MhPc","HSD","Maternal",20,"female",3.63,9.72545346,12.39799169,16.87594182,3.79,27.66398507,140,NA
"563","F3","MhPc","HSD","Maternal",21,"female",3.61,10.61285113,13.57947237,20.55916455,3.46,20.52334639,219,NA
"564","F3","MhPc","HSD","Maternal",22,"female",3.58,7.280265803,7.186932922,14.34833145,3.66,43.97007422,817,NA
"565","F3","MhPc","HSD","Maternal",23,"female",3.8,9.069516719,13.19309002,20.31981494,3.62,24.65776266,253,NA
"566","F3","MhPc","HSD","Maternal",24,"female",4.25,8.304033412,8.311188217,13.00308184,3.67,13.2348119,329,NA
"567","F3","MhPc","HSD","Maternal",25,"female",3.74,9.580111684,14.7279505,12.99843451,3.2,10.08318265,409,NA
"568","F3","MhPc","HSD","Maternal",26,"female",3.66,12.13590264,18.21977078,33.24495702,3.46,23.16254326,NA,NA
"569","F3","MhPc","HSD","Maternal",27,"female",3.39,7.373737374,12.77927298,19.4587497,3.1,33.24644172,NA,NA
"570","F3","MhPc","HSD","Maternal",28,"female",3.98,7.807677211,19.83807712,24.23752432,3.47,42.46836721,NA,NA
"571","F3","MhPc","HSD","Maternal",29,"female",3.7,10.32733412,24.79796344,29.69968807,4.16,33.50035166,NA,NA
"572","F3","MhPc","HSD","Maternal",30,"female",3.44,9.26558812,19.49339052,23.39815562,3.47,13.54204125,NA,NA
"573","F3","McPh","HSD","Paternal",1,"female",3.89,11.20443606,11.78736269,13.39963002,3.84,23.58444132,550,NA
"574","F3","McPh","HSD","Paternal",2,"female",3.77,11.88539758,13.26833203,17.76863884,3.63,28.49144348,549,NA
"575","F3","McPh","HSD","Paternal",3,"female",3.81,11.65198591,11.96706384,20.93900333,3.71,13.84805958,343,NA
"576","F3","McPh","HSD","Paternal",4,"female",3.19,8.8329475,8.435644772,18.42363905,3.52,20.45835208,212,NA
"577","F3","McPh","HSD","Paternal",5,"female",4,12.98276165,19.37973168,22.08944273,3.52,19.50031106,196,NA
"578","F3","McPh","HSD","Paternal",6,"female",3.82,11.21616701,13.2965503,15.44800628,3.45,10.35868985,284,NA
"579","F3","McPh","HSD","Paternal",7,"female",3.99,10.09369158,14.99492948,10.28445968,3.79,19.70719363,439,NA
"580","F3","McPh","HSD","Paternal",8,"female",3.72,10.34020131,14.28857493,12.33186346,3.4,16.76551238,600,NA
"581","F3","McPh","HSD","Paternal",9,"female",3.67,10.43767837,9.745427113,14.45638943,3.71,29.29833477,619,NA
"582","F3","McPh","HSD","Paternal",10,"female",3.79,11.78155082,15.8615671,22.25958723,3.65,42.69831365,412,NA
"583","F3","McPh","HSD","Paternal",11,"female",3.71,10.21029212,14.86692815,11.75055639,3.94,22.89196509,252,NA
"584","F3","McPh","HSD","Paternal",12,"female",3.54,12.14191981,14.1269028,10.83105316,3.53,9.533727389,366,NA
"585","F3","McPh","HSD","Paternal",13,"female",3.85,10.59251056,9.486049334,14.88871681,3.79,21.84950244,236,NA
"586","F3","McPh","HSD","Paternal",14,"female",3.48,11.63236721,17.82389574,22.15916804,3.09,12.69664015,367,NA
"587","F3","McPh","HSD","Paternal",15,"female",3.44,11.5912129,11.50672662,21.93687954,3.89,26.59444652,244,NA
"588","F3","McPh","HSD","Paternal",16,"female",3.56,9.635915155,11.90402521,20.97781266,3.74,21.66935008,575,NA
"589","F3","McPh","HSD","Paternal",17,"female",3.7,9.097343491,12.72095601,15.49695731,3.47,22.39012387,617,NA
"590","F3","McPh","HSD","Paternal",18,"female",3.66,9.13503683,9.590326533,23.44658336,3.89,27.78730169,298,NA
"591","F3","McPh","HSD","Paternal",19,"female",3.66,6.816826962,19.05751427,27.11276206,3.08,20.36680106,272,NA
"592","F3","McPh","HSD","Paternal",20,"female",3.73,8.685555006,11.66312988,18.97273888,3.46,22.46768382,387,NA
"593","F3","McPh","HSD","Paternal",21,"female",3.75,12.69004328,11.08395602,25.0049751,3.57,33.43855895,660,NA
"594","F3","McPh","HSD","Paternal",22,"female",3.81,6.307151867,18.28094164,35.45436368,3.61,25.09757825,326,NA
"595","F3","McPh","HSD","Paternal",23,"female",3.79,7.171488676,16.65365623,18.55797074,3.36,35.17385515,355,NA
"596","F3","McPh","HSD","Paternal",24,"female",3.22,10.1240654,14.48968803,23.36543037,3.43,20.15089017,174,NA
"597","F3","McPh","HSD","Paternal",25,"female",3.97,10.70707071,23.78599876,13.45015204,3.59,22.76632056,215,NA
"598","F3","McPh","HSD","Paternal",26,"female",3.48,8.249341716,8.444903842,10.5032082,3.57,30.52582446,NA,NA
"599","F3","McPh","HSD","Paternal",27,"female",3.82,13.14726861,14.67602132,22.57299424,3.57,22.64930415,NA,NA
"600","F3","McPh","HSD","Paternal",28,"female",3.62,9.879896526,13.56727532,12.13309049,3.67,25.40795159,NA,NA
"601","F3","McPh","HSD","Paternal",29,"female",3.47,11.10265774,17.82015718,13.62533949,3.28,26.74183128,NA,NA
"602","F3","McPh","HSD","Paternal",30,"female",3.63,9.944296127,14.75013041,10.15143349,3.26,28.08172917,NA,NA
"603","F3","MhPh","HSD","Both",1,"female",3.78,14.23815555,10.46755181,28.29379473,3.32,24.33759712,99,NA
"604","F3","MhPh","HSD","Both",2,"female",3.7,9.91480611,10.83396943,21.20723607,2.95,27.11649972,628,NA
"605","F3","MhPh","HSD","Both",3,"female",3.97,13.18538963,16.54987329,32.13550009,3.58,22.84111676,201,NA
"606","F3","MhPh","HSD","Both",4,"female",3.53,9.538880022,13.26433807,15.28712417,3.46,30.96282139,197,NA
"607","F3","MhPh","HSD","Both",5,"female",3.86,13.18499106,19.4240347,18.78605369,3.63,24.12399707,251,NA
"608","F3","MhPh","HSD","Both",6,"female",3.52,13.40967894,14.93359385,20.31698193,3.97,20.57689165,236,NA
"609","F3","MhPh","HSD","Both",7,"female",3.82,15.35997803,20.96374687,34.78286939,3.85,41.3074384,406,NA
"610","F3","MhPh","HSD","Both",8,"female",3.61,15.50957402,11.7265341,26.78799453,3.81,39.35190314,214,NA
"611","F3","MhPh","HSD","Both",9,"female",3.65,9.704545954,13.32562631,18.23471159,3.92,33.62799516,226,NA
"612","F3","MhPh","HSD","Both",10,"female",3.68,10.21637834,17.67455533,18.80177363,3.84,25.15164005,223,NA
"613","F3","MhPh","HSD","Both",11,"female",3.8,14.21003581,11.95206272,27.54869314,3.75,26.29673111,336,NA
"614","F3","MhPh","HSD","Both",12,"female",3.67,14.07231581,15.41440883,22.16548827,3.44,24.24263748,400,NA
"615","F3","MhPh","HSD","Both",13,"female",3.64,12.17442248,13.90506249,17.06210527,3.55,34.89521379,275,NA
"616","F3","MhPh","HSD","Both",14,"female",3.72,13.1297559,18.08356781,32.5813997,3.37,38.5789368,451,NA
"617","F3","MhPh","HSD","Both",15,"female",3.41,8.340133046,8.984272561,12.34209391,3.71,27.75680181,141,NA
"618","F3","MhPh","HSD","Both",16,"female",3.83,9.862460089,12.17276873,12.36077018,3.56,32.66883989,248,NA
"619","F3","MhPh","HSD","Both",17,"female",3.73,11.27138097,11.66922443,23.063989,3.22,25.24480903,236,NA
"620","F3","MhPh","HSD","Both",18,"female",3.82,11.2525844,10.77452884,14.81371172,3.75,61.04513078,175,NA
"621","F3","MhPh","HSD","Both",19,"female",3.55,12.31435245,14.84290806,15.38228653,3.73,21.32683565,335,NA
"622","F3","MhPh","HSD","Both",20,"female",3.48,7.906391881,20.1655531,19.56375278,3.84,20.80516154,264,NA
"623","F3","MhPh","HSD","Both",21,"female",3.64,6.765626824,12.17475523,14.27613174,3.59,26.38712041,685,NA
"624","F3","MhPh","HSD","Both",22,"female",3.88,7.392295788,10.93035378,17.45355639,3.94,34.26469817,561,NA
"625","F3","MhPh","HSD","Both",23,"female",3.44,7.94098673,11.79026706,9.417898224,3.62,30.69949456,264,NA
"626","F3","MhPh","HSD","Both",24,"female",3.34,10.40468065,13.7006282,16.88049481,3.84,22.83563924,393,NA
"627","F3","MhPh","HSD","Both",25,"female",3.49,11.53100029,15.60718659,12.06806774,3.51,22.87485349,251,NA
"628","F3","MhPh","HSD","Both",26,"female",3.92,8.842718057,10.83218677,6.578153359,3.38,19.27020815,NA,NA
"629","F3","MhPh","HSD","Both",27,"female",3.14,8.580714494,15.89056154,13.56232941,3.71,13.40834185,NA,NA
"630","F3","MhPh","HSD","Both",28,"female",3.65,9.533295922,14.67113866,14.97269411,3.29,16.75491022,NA,NA
"631","F3","MhPh","HSD","Both",29,"female",3.82,7.19500998,19.24357739,15.53831994,3.94,17.8188372,NA,NA
"632","F3","MhPh","HSD","Both",30,"female",3.87,9.341811193,21.89425347,26.6983096,3.56,38.5681538,NA,NA
