"","contrast","estimate","std.error","statistic","p.value","generation","metabolite","treatment","sex","exposure","pAdj","results","pAdjALL","SignifAll"
"1","CrossesMnPn",8.93540567748976,3.77665289478491,2.36595893941656,0.0190290141824429,"F1","TAG","NSD","female","Parental",0.0607700775503822,".",0.0812166172322821,"."
"2","CrossesMnPc",-6.76516855053127,3.61430444715404,-1.8717760635406,0.0628332253730523,"F1","TAG","NSD","female","Maternal",0.169434556722982," ",0.203225944709313," "
"3","CrossesMcPn",-8.11155715314756,3.62265184062364,-2.23912137020353,0.0263523712113776,"F1","TAG","NSD","female","Paternal",0.0815276484351996,".",0.105921181373887," "
"4","CrossesMnPn",0.0583719465787337,3.23179046275435,0.0180617980192272,0.985609230879211,"F2","TAG","NSD","female","Parental",0.987398431360041," ",0.999986154515138," "
"5","CrossesMnPc",3.96597358740607,3.21598430651072,1.23320676017511,0.21908034739543,"F2","TAG","NSD","female","Maternal",0.409225554568822," ",0.515336726259705," "
"6","CrossesMcPn",2.37243252092352,3.23979776058372,0.732277968022323,0.464935738207,"F2","TAG","NSD","female","Paternal",0.671950920912307," ",0.840538845492131," "
"7","CrossesMnPn",-1.28992669144404,2.6658797505372,-0.483865294818382,0.628939850580512,"F3","TAG","NSD","female","Parental",0.793185289267142," ",0.971571261717656," "
"8","CrossesMnPc",-4.96253639368805,2.65960617764749,-1.86589143738475,0.0633240262500033,"F3","TAG","NSD","female","Maternal",0.169434556722982," ",0.203225944709313," "
"9","CrossesMcPn",1.50788861354212,2.68354270812523,0.561902223123388,0.574727425739131,"F3","TAG","NSD","female","Paternal",0.753157157527194," ",0.92064245549478," "
"10","CrossesMnPn",-2.40543092045076,1.68565819151858,-1.42699803112738,0.155284451965447,"F1","Glycogen","NSD","female","Parental",0.341625794323983," ",0.409476198176401," "
"11","CrossesMnPc",-6.81744082149635,1.71121040045928,-3.98398748608971,9.77345603764361e-05,"F1","Glycogen","NSD","female","Maternal",0.000569160086898069,"***",0.000860895914805203,"***"
"12","CrossesMcPn",-5.09260673147208,1.67814925414611,-3.03465661286686,0.00275879225259919,"F1","Glycogen","NSD","female","Paternal",0.0121386859114365,"*",0.0173051514026677,"*"
"13","CrossesMnPn",-8.39868627861757,2.22541228523151,-3.77399115406782,0.000216897589727891,"F2","Glycogen","NSD","female","Parental",0.0011606952098952,"**",0.00172683850283359,"**"
"14","CrossesMnPc",-6.67076284868292,2.23475554642268,-2.98500784990163,0.00322339287751829,"F2","Glycogen","NSD","female","Maternal",0.013296495619763,"*",0.0190640664470368,"*"
"15","CrossesMcPn",-10.9034454986378,2.28903648913296,-4.76333407108235,3.8634928300913e-06,"F2","Glycogen","NSD","female","Paternal",3.82485790179039e-05,"***",4.99839384893062e-05,"***"
"16","CrossesMnPn",-5.62491285257097,1.74997205351643,-3.21428724605524,0.00149441443233397,"F3","Glycogen","NSD","female","Parental",0.00721692823419818,"**",0.0101424192620699,"*"
"17","CrossesMnPc",-1.67185412023784,1.75688834452773,-0.951599528476151,0.342294725184876,"F3","Glycogen","NSD","female","Maternal",0.570655290528479," ",0.704709539151302," "
"18","CrossesMcPn",-1.33992863073116,1.76814385811538,-0.757816523005858,0.449333210301836,"F3","Glycogen","NSD","female","Paternal",0.669655157765148," ",0.831361658930027," "
"19","CrossesMnPn",-1.48915752918981,2.38606306769852,-0.624106524822993,0.533334862774226,"F1","Trehalose","NSD","female","Parental",0.733934239202712," ",0.904920627821843," "
"20","CrossesMnPc",-1.29149817723557,2.42223243012223,-0.533185073890863,0.594552401450369,"F1","Trehalose","NSD","female","Maternal",0.769161516108967," ",0.937306985355987," "
"21","CrossesMcPn",-1.10414490376289,2.37543410493948,-0.464818157433593,0.642614259563759,"F1","Trehalose","NSD","female","Paternal",0.795235146210152," ",0.979274604144311," "
"22","CrossesMnPn",-1.418297206786,1.23841043289417,-1.14525618414845,0.253598591934526,"F2","Trehalose","NSD","female","Parental",0.452365055883208," ",0.576351066241428," "
"23","CrossesMnPc",-2.63346198433015,1.24360982548007,-2.1175950289019,0.0355598910563748,"F2","Trehalose","NSD","female","Maternal",0.103542035722974," ",0.132628782858911," "
"24","CrossesMcPn",-3.28663830152378,1.27381640167534,-2.58015071654059,0.01065984112484,"F2","Trehalose","NSD","female","Paternal",0.0363904921158332,"*",0.0495862272548738,"*"
"25","CrossesMnPn",0.198772420822046,1.2340221348732,0.161076868238243,0.872173642047411,"F3","Trehalose","NSD","female","Parental",0.933461519596688," ",0.999986154515138," "
"26","CrossesMnPc",-1.60245595753981,1.23889927344351,-1.29345136597408,0.197146905799355,"F3","Trehalose","NSD","female","Maternal",0.375337378348772," ",0.471785080930248," "
"27","CrossesMcPn",0.250841946085435,1.24683628756818,0.201182744347837,0.840732718232806,"F3","Trehalose","NSD","female","Paternal",0.904701512011389," ",0.999986154515138," "
"28","CrossesMnPn",1.07360147288351,0.601844777452185,1.7838511076368,0.0761049573389428,"F1","Glucose","NSD","female","Parental",0.19569846172871," ",0.233388535839425," "
"29","CrossesMnPc",-0.782785450270086,0.610967898367626,-1.28122189784688,0.201736894708249,"F1","Glucose","NSD","female","Maternal",0.380418144306983," ",0.47999468051273," "
"30","CrossesMcPn",-0.347512957307292,0.599163798138242,-0.57999658588704,0.56263033778044,"F1","Glucose","NSD","female","Paternal",0.747656422016961," ",0.913446901337656," "
"31","CrossesMnPn",-2.4827317026403,0.516438975297491,-4.80740575633383,3.17912991686055e-06,"F2","Glucose","NSD","female","Parental",3.31298801862309e-05,"***",4.24567672767828e-05,"***"
"32","CrossesMnPc",-2.17376900823102,0.518607213635856,-4.19155181624094,4.30786586874606e-05,"F2","Glucose","NSD","female","Maternal",0.00029412325586611,"***",0.000424632492776398,"***"
"33","CrossesMcPn",-2.78712777318034,0.531203888246449,-5.24681357732696,4.25294388061131e-07,"F2","Glucose","NSD","female","Paternal",5.2630180522565e-06,"***",6.77199525605032e-06,"***"
"34","CrossesMnPn",-0.834104221509252,0.404480030257528,-2.06216415920011,0.0403107965075228,"F3","Glucose","NSD","female","Parental",0.115674459543326," ",0.14900597994745," "
"35","CrossesMnPc",0.1261379647946,0.406078628127648,0.310624485155001,0.756366203095319,"F3","Glucose","NSD","female","Maternal",0.875948854118207," ",0.999986154515138," "
"36","CrossesMcPn",-0.695395733823194,0.408680172802233,-1.70156464664046,0.0901824890072407,"F3","Glucose","NSD","female","Paternal",0.226026997764983," ",0.264791137936154," "
"37","CrossesMnPn",48.4400000000002,36.3482122439789,1.33266526768519,0.185796151498606,"F1","Fitness","NSD","female","Parental",0.371592302997211," ",0.460596447427681," "
"38","CrossesMnPc",47.7600000000002,36.3482122439789,1.31395733246583,0.191991747186258,"F1","Fitness","NSD","female","Maternal",0.375032749291503," ",0.467592767439625," "
"39","CrossesMcPn",63.7600000000001,36.3482122439788,1.75414404350965,0.0825969629749585,"F1","Fitness","NSD","female","Paternal",0.209669213705664," ",0.247790888924876," "
"40","CrossesMnPn",10.2,46.0847125773107,0.221331531207636,0.825304401671259,"F2","Fitness","NSD","female","Parental",0.897858634785216," ",0.999986154515138," "
"41","CrossesMnPc",43.9199999999998,46.0847125773107,0.953027534376407,0.342969593802469,"F2","Fitness","NSD","female","Maternal",0.570655290528479," ",0.704709539151302," "
"42","CrossesMcPn",-13.7200000000001,46.0847125773106,-0.297712608644,0.766565841412259,"F2","Fitness","NSD","female","Paternal",0.875948854118207," ",0.999986154515138," "
"43","CrossesMnPn",-32.8800000000001,37.0443409983226,-0.887584962072585,0.376982395819255,"F3","Fitness","NSD","female","Parental",0.606849710343192," ",0.746749817555846," "
"44","CrossesMnPc",-27.68,37.0443409983226,-0.747212644469864,0.456761486840039,"F3","Fitness","NSD","female","Maternal",0.669916847365391," ",0.836722369698125," "
"45","CrossesMcPn",-8.87999999999998,37.0443409983225,-0.239712726983106,0.811064048716736,"F3","Fitness","NSD","female","Paternal",0.887241335060296," ",0.999986154515138," "
"46","CrossesMnPn",0.0562500000000002,0.0416992173578938,1.34894618086524,0.179012001658895,"F1","Weight","NSD","female","Parental",0.365405941530527," ",0.449157385980499," "
"47","CrossesMnPc",0.114166666666667,0.0416992173578938,2.7378611374598,0.00679130897913005,"F1","Weight","NSD","female","Maternal",0.0249014662568102,"*",0.0348551038980874,"*"
"48","CrossesMcPn",0.0170833333333333,0.0416992173578937,0.409679951225736,0.682517283371656,"F1","Weight","NSD","female","Paternal",0.810582332640423," ",0.986204225426628," "
"49","CrossesMnPn",0.0433333333333333,0.0474382027135391,0.913469120974218,0.362191256641499,"F2","Weight","NSD","female","Parental",0.592676601776999," ",0.727898933250392," "
"50","CrossesMnPc",0.0733333333333334,0.047438202713539,1.54587082011022,0.123853952608473,"F2","Weight","NSD","female","Maternal",0.283652439581499," ",0.33946682512116," "
"51","CrossesMcPn",0.16125,0.047438202713539,3.39915913285599,0.000828730343445808,"F2","Weight","NSD","female","Paternal",0.00420740020518641,"**",0.00623807931248299,"**"
"52","CrossesMnPn",-0.0123333333333338,0.0505761915274892,-0.243856505617479,0.807557459571548,"F3","Weight","NSD","female","Parental",0.887241335060296," ",0.999986154515138," "
"53","CrossesMnPc",0.0696666666666663,0.0505761915274891,1.37745972092029,0.169697556734472,"F3","Weight","NSD","female","Maternal",0.357448045036441," ",0.433671533876983," "
"54","CrossesMcPn",0.112,0.0505761915274894,2.21448069966132,0.0277684490084413,"F3","Weight","NSD","female","Paternal",0.083305347025324,".",0.109487027518997," "
"55","CrossesMnPn",-7.43578221298434,3.61448038750043,-2.05722024075679,0.0410835557763951,"F1","TAG","NSD","male","Parental",0.116207772053232," ",0.15051851408343," "
"56","CrossesMnPc",12.8809325680677,3.61971827365104,3.55854560887562,0.000475058457093251,"F1","TAG","NSD","male","Maternal",0.00247530459222273,"**",0.00371083398559634,"**"
"57","CrossesMcPn",32.7376202037135,3.61530537282527,9.05528491446075,2.02907661903659e-16,"F1","TAG","NSD","male","Paternal",1.33919056856415e-14,"***",1.05004715035143e-14,"***"
"58","CrossesMnPn",-0.239971273097954,3.24216955210268,-0.0740156457710001,0.941078777642593,"F2","TAG","NSD","male","Parental",0.975568575776091," ",0.999986154515138," "
"59","CrossesMnPc",6.2041528192288,3.24083889423433,1.91436631739591,0.0571334721959857,"F2","TAG","NSD","male","Maternal",0.157117048538961," ",0.190752076525307," "
"60","CrossesMcPn",6.04031794053548,3.26636555597688,1.84924737817013,0.0660350703547531,"F2","TAG","NSD","male","Paternal",0.174332585736548," ",0.210296300975906," "
"61","CrossesMnPn",2.92006242038741,2.67527802224443,1.09149867643947,0.276190643104157,"F3","TAG","NSD","male","Parental",0.48394466667808," ",0.608207054495324," "
"62","CrossesMnPc",1.24882528924403,2.6596946484828,0.469537091393712,0.639128678944401,"F3","TAG","NSD","male","Maternal",0.795235146210152," ",0.979274604144311," "
"63","CrossesMcPn",2.59373846947358,2.65999037248739,0.975093179396791,0.330534043163776,"F3","TAG","NSD","male","Paternal",0.564187418503686," ",0.694624841978696," "
"64","CrossesMnPn",-4.63400351543967,1.67741353215281,-2.76258860836323,0.00632002948070285,"F1","Glycogen","NSD","male","Parental",0.0245365850427287,"*",0.0344275290133024,"*"
"65","CrossesMnPc",0.454591238339343,1.68370928884722,0.269993900580418,0.787469171884045,"F1","Glycogen","NSD","male","Maternal",0.875948854118207," ",0.999986154515138," "
"66","CrossesMcPn",4.51089100119136,1.68288210220288,2.68045574629776,0.00802351236258916,"F1","Glycogen","NSD","male","Paternal",0.028884644505321,"*",0.0395444537870466,"*"
"67","CrossesMnPn",9.69611614953025,2.22484932691304,4.35810013390144,2.18388026627676e-05,"F2","Glycogen","NSD","male","Parental",0.000160151219526963,"***",0.000226031607559645,"***"
"68","CrossesMnPc",9.07379065289429,2.22253468466745,4.08263174270865,6.64702425331623e-05,"F2","Glycogen","NSD","male","Maternal",0.000424551871663423,"***",0.000625424554743845,"***"
"69","CrossesMcPn",23.0354007785654,2.22279508600222,10.3632588193253,4.29225036103096e-20,"F2","Glycogen","NSD","male","Paternal",4.24932785742065e-18,"***",2.53855949923831e-18,"***"
"70","CrossesMnPn",-2.05093846436467,1.75648502212682,-1.16763788960825,0.244156649295089,"F3","Glycogen","NSD","male","Parental",0.43948196873116," ",0.558457750321363," "
"71","CrossesMnPc",-0.132314705344775,1.75059677163756,-0.0755826284433298,0.939816573765423,"F3","Glycogen","NSD","male","Maternal",0.975568575776091," ",0.999986154515138," "
"72","CrossesMcPn",-0.739193669181466,1.75615782569079,-0.420915283562684,0.674208286632747,"F3","Glycogen","NSD","male","Paternal",0.810582332640423," ",0.986204225426628," "
"73","CrossesMnPn",1.69672902737147,2.37439268439222,0.714594952437611,0.475769923313159,"F1","Trehalose","NSD","male","Parental",0.677715430330975," ",0.849003225222621," "
"74","CrossesMnPc",0.660644375395849,2.38330437989926,0.277196811690404,0.781941859138641,"F1","Trehalose","NSD","male","Maternal",0.875948854118207," ",0.999986154515138," "
"75","CrossesMcPn",-0.352749261732683,2.38213349038436,-0.14808123186907,0.882441697271011,"F1","Trehalose","NSD","male","Paternal",0.939373419675593," ",0.999986154515138," "
"76","CrossesMnPn",7.49528080662392,1.2380971545594,6.05387128063567,7.83269578845055e-09,"F2","Trehalose","NSD","male","Parental",2.2155339515903e-07,"***",2.31624004029895e-07,"***"
"77","CrossesMnPc",6.49682655721524,1.23680908891675,5.25289360778021,4.13271646310262e-07,"F2","Trehalose","NSD","male","Maternal",5.2630180522565e-06,"***",6.77199525605032e-06,"***"
"78","CrossesMcPn",5.77793485400249,1.2369539985732,4.67109921684009,5.78621459799871e-06,"F2","Trehalose","NSD","male","Paternal",5.20759313819884e-05,"***",7.0455671869749e-05,"***"
"79","CrossesMnPn",1.45645740849259,1.23861486389011,1.17587593282896,0.24085490047179,"F3","Trehalose","NSD","male","Parental",0.437516241223986," ",0.557061054722465," "
"80","CrossesMnPc",0.971424006444503,1.23446266533081,0.786920523176927,0.432134982851591,"F3","Trehalose","NSD","male","Maternal",0.653150584768053," ",0.805873346398912," "
"81","CrossesMcPn",0.760817164797372,1.23838413583722,0.614362815850362,0.539580217214334,"F3","Trehalose","NSD","male","Paternal",0.733934239202712," ",0.907085452794518," "
"82","CrossesMnPn",-0.933030226990853,0.598901117102695,-1.55790363441727,0.120983796890537,"F1","Glucose","NSD","male","Parental",0.281821079815605," ",0.333915279417883," "
"83","CrossesMnPc",-0.0845130894682378,0.601148944275315,-0.140585940095292,0.88835167980366,"F1","Glucose","NSD","male","Maternal",0.940607660968581," ",0.999986154515138," "
"84","CrossesMcPn",0.440466433707578,0.6008536068431,0.733067803356959,0.46445506358325,"F1","Glucose","NSD","male","Paternal",0.671950920912307," ",0.840538845492131," "
"85","CrossesMnPn",2.28423921098878,0.516308332710922,4.42417653613139,1.6590607836149e-05,"F2","Glucose","NSD","male","Parental",0.0001313976140623,"***",0.000180750306425413,"***"
"86","CrossesMnPc",3.04324953138423,0.515771186638068,5.9003868580192,1.72199502455819e-08,"F2","Glucose","NSD","male","Maternal",3.65777450316066e-07,"***",4.45566212604431e-07,"***"
"87","CrossesMcPn",3.82031298138239,0.515831616518584,7.40612412857938,4.60887663723353e-12,"F2","Glucose","NSD","male","Paternal",1.52092929028706e-10,"***",1.73461357074062e-10,"***"
"88","CrossesMnPn",0.251364973407511,0.405985406149277,0.619147805808287,0.536429122461764,"F3","Glucose","NSD","male","Parental",0.733934239202712," ",0.906455741629266," "
"89","CrossesMnPc",0.551066291911696,0.404624424566015,1.36192048342793,0.17454962969408,"F3","Glucose","NSD","male","Maternal",0.361610679191713," ",0.4425922281903," "
"90","CrossesMcPn",0.00641803750716114,0.405909779556223,0.015811487750253,0.987398431360041,"F3","Glucose","NSD","male","Paternal",0.987398431360041," ",0.999986154515138," "
"91","CrossesMnPn",0.00333333333333325,0.0416992173578938,0.0799375514586785,0.936373798353889,"F1","Weight","NSD","male","Parental",0.975568575776091," ",0.999986154515138," "
"92","CrossesMnPc",-0.0491666666666647,0.0416992173578938,-1.17907888401549,0.239889153055896,"F1","Weight","NSD","male","Maternal",0.437516241223986," ",0.557061054722465," "
"93","CrossesMcPn",-0.0458333333333335,0.0416992173578938,-1.09914133255686,0.273142494377203,"F1","Weight","NSD","male","Paternal",0.482876909702555," ",0.607962326194419," "
"94","CrossesMnPn",0.0408333333333333,0.0474382027135391,0.860768979379552,0.390485532869654,"F2","Weight","NSD","male","Parental",0.622000277062866," ",0.766165927052307," "
"95","CrossesMnPc",0.0283333333333355,0.047438202713539,0.597268271406266,0.551062559855788,"F2","Weight","NSD","male","Maternal",0.742247529601674," ",0.912466422510139," "
"96","CrossesMcPn",-0.0300000000000001,0.047438202713539,-0.632401699136,0.527909478945505,"F2","Weight","NSD","male","Paternal",0.733934239202712," ",0.899401334499749," "
"97","CrossesMnPn",0.0676666666666663,0.0505761915274891,1.33791542271205,0.182233943240168,"F3","Weight","NSD","male","Parental",0.368186946546462," ",0.454487063261624," "
"98","CrossesMnPc",0.0240000000000004,0.0505761915274893,0.474531578498864,0.63556723491544,"F3","Weight","NSD","male","Maternal",0.795235146210152," ",0.978159238866141," "
"99","CrossesMcPn",0.066,0.0505761915274893,1.30496184087186,0.193198689028956,"F3","Weight","NSD","male","Paternal",0.375032749291503," ",0.467744194491157," "
"100","CrossesMhPh",15.9285509489906,2.88861836821448,5.51424553837355,1.1797746023435e-07,"F1","TAG","HSD","female","Parental",1.66853836617152e-06,"***",2.03511118904254e-06,"***"
"101","CrossesMhPc",12.9192436052367,2.90546188881896,4.4465369361593,1.51068446089639e-05,"F1","TAG","HSD","female","Maternal",0.000124631468023952,"***",0.00016903334238138,"***"
"102","CrossesMcPh",13.3191210311176,2.8927700341693,4.60427924577226,7.72585967903418e-06,"F1","TAG","HSD","female","Paternal",6.65095746282073e-05,"***",9.13858830605757e-05,"***"
"103","CrossesMhPh",2.90305244607722,2.37012565030179,1.22485170594545,0.222205378043518,"F2","TAG","HSD","female","Parental",0.411183783669314," ",0.519734613050941," "
"104","CrossesMhPc",2.17308886442218,2.36006190369121,0.920776213972781,0.358379495284448,"F2","TAG","HSD","female","Maternal",0.591326167219339," ",0.727898933250392," "
"105","CrossesMcPh",3.33279653011524,2.38211435929562,1.39909174264024,0.163478109782203,"F2","TAG","HSD","female","Paternal",0.354296218598956," ",0.425659983961208," "
"106","CrossesMhPh",-7.90878800051303,2.48210779952022,-3.1863193057295,0.00163986497964513,"F3","TAG","HSD","female","Parental",0.00773079204689847,"**",0.0107762555805251,"*"
"107","CrossesMhPc",-2.06073477247567,2.4974792355548,-0.825125888190974,0.410151389902537,"F3","TAG","HSD","female","Maternal",0.634452931255487," ",0.789779885672793," "
"108","CrossesMcPh",-12.1252005356302,2.49250165736521,-4.86467100224425,2.12185760456557e-06,"F3","TAG","HSD","female","Paternal",2.47134003355284e-05,"***",3.13731802960766e-05,"***"
"109","CrossesMhPh",-0.742304388028352,1.81890115795541,-0.408105951652018,0.683672977530053,"F1","Glycogen","HSD","female","Parental",0.810582332640423," ",0.986204225426628," "
"110","CrossesMhPc",-2.49031621039125,1.83036210634591,-1.3605593132404,0.175326389911133,"F1","Glycogen","HSD","female","Maternal",0.361610679191713," ",0.4425922281903," "
"111","CrossesMcPh",-7.28042972748386,1.79331920467093,-4.05975116338522,7.27328563487269e-05,"F1","Glycogen","HSD","female","Paternal",0.000450034548657748,"***",0.000669142278408288,"***"
"112","CrossesMhPh",-12.1783103469292,2.05135877908177,-5.93670423287948,1.43079082167877e-08,"F2","Glycogen","HSD","female","Parental",3.54120728365497e-07,"***",3.94898266783342e-07,"***"
"113","CrossesMhPc",-12.3034434167054,2.09008576331728,-5.88657347590272,1.84736086018215e-08,"F2","Glycogen","HSD","female","Maternal",3.65777450316066e-07,"***",4.498867035973e-07,"***"
"114","CrossesMcPh",-6.27085792396348,2.07118677560942,-3.02766413816947,0.00282026489742658,"F2","Glycogen","HSD","female","Paternal",0.0121394010802274,"*",0.0174267114557403,"*"
"115","CrossesMhPh",-5.40891717771985,1.6704064454348,-3.23808447489075,0.00138017242104699,"F3","Glycogen","HSD","female","Parental",0.0068318534841826,"**",0.00952318970522424,"**"
"116","CrossesMhPc",-3.74584361747942,1.67387707849771,-2.23782478749352,0.0261865899968985,"F3","Glycogen","HSD","female","Maternal",0.0815276484351996,".",0.105921181373887," "
"117","CrossesMcPh",-6.83018308905094,1.67080463085431,-4.08796035330507,6.00868266229046e-05,"F3","Glycogen","HSD","female","Paternal",0.00039657305571117,"***",0.000578510377253081,"***"
"118","CrossesMhPh",-2.56495525991201,1.61885637082223,-1.58442423067418,0.11482377621491,"F1","Trehalose","HSD","female","Parental",0.275571731517719," ",0.324835012380862," "
"119","CrossesMhPc",-0.95304390171081,1.62905683126862,-0.585028025675834,0.55924951677211,"F1","Trehalose","HSD","female","Maternal",0.747656422016961," ",0.913446901337656," "
"120","CrossesMcPh",-0.680787743231735,1.59608794942037,-0.426535231644954,0.670219211139385,"F1","Trehalose","HSD","female","Paternal",0.810582332640423," ",0.986204225426628," "
"121","CrossesMhPh",-2.70958939932485,0.986038615338253,-2.74795465124391,0.00659717230090133,"F2","Trehalose","HSD","female","Parental",0.0249014662568102,"*",0.0348551038980874,"*"
"122","CrossesMhPc",-2.55774419484397,1.00465374122516,-2.54589625249874,0.0117241414897234,"F2","Trehalose","HSD","female","Maternal",0.0393454239824617,"*",0.0539310508527278,"."
"123","CrossesMcPh",-2.61599379902182,0.995569454331618,-2.62763565880803,0.00932775950787541,"F2","Trehalose","HSD","female","Paternal",0.0324016909220935,"*",0.0438828685938684,"*"
"124","CrossesMhPh",-0.498815035018947,1.11437421505815,-0.447618967020805,0.654847683065102,"F3","Trehalose","HSD","female","Parental",0.800369390412902," ",0.979274604144311," "
"125","CrossesMhPc",-0.302449626079248,1.1166895701059,-0.27084485623929,0.786752212883113,"F3","Trehalose","HSD","female","Maternal",0.875948854118207," ",0.999986154515138," "
"126","CrossesMcPh",-0.988313244539927,1.11463985553477,-0.88666598420327,0.376180916504147,"F3","Trehalose","HSD","female","Paternal",0.606849710343192," ",0.746749817555846," "
"127","CrossesMhPh",0.830248777069037,0.59684539116712,1.39106172110251,0.16589567638646,"F1","Glucose","HSD","female","Parental",0.354296218598956," ",0.427916212074064," "
"128","CrossesMhPc",-1.07886449673794,0.60060613110362,-1.79629284628765,0.0740973957925663,"F1","Glucose","HSD","female","Maternal",0.193043215354317," ",0.228927775060615," "
"129","CrossesMcPh",-0.861714279270407,0.588451053273541,-1.46437715503559,0.14480667454468,"F1","Glucose","HSD","female","Paternal",0.322154174829737," ",0.38677395652579," "
"130","CrossesMhPh",-2.53159698241835,0.532964909382849,-4.75002563555231,4.09675843604857e-06,"F2","Glucose","HSD","female","Parental",3.86265795398865e-05,"***",5.13956967431548e-05,"***"
"131","CrossesMhPc",-2.11688143338171,0.54302659330388,-3.89830159238094,0.000135831564698523,"F2","Glucose","HSD","female","Maternal",0.000747073605841875,"***",0.00110263270167036,"**"
"132","CrossesMcPh",-2.12845995401144,0.538116434547712,-3.95538923801948,0.000109148204805101,"F2","Glucose","HSD","female","Paternal",0.000617466987183145,"***",0.000941403266443999,"***"
"133","CrossesMhPh",-0.114527349747857,0.438625799130588,-0.261104909868195,0.79424423939731,"F3","Glucose","HSD","female","Parental",0.878549493858477," ",0.999986154515138," "
"134","CrossesMhPc",-0.31836785940996,0.439537139723694,-0.724325274560634,0.469599021316429,"F3","Glucose","HSD","female","Maternal",0.673772508845312," ",0.845278238369573," "
"135","CrossesMcPh",-0.710391205517567,0.438730357154963,-1.61919774625181,0.106769158100811,"F3","Glucose","HSD","female","Paternal",0.260991275357539," ",0.309107912263887," "
"136","CrossesMhPh",-108.96,36.0576224026673,-3.02182985841962,0.00322089909382577,"F1","Fitness","HSD","female","Parental",0.013296495619763,"*",0.0190640664470368,"*"
"137","CrossesMhPc",-99.9200000000002,36.0576224026673,-2.77112003903532,0.00670887374965778,"F1","Fitness","HSD","female","Maternal",0.0249014662568102,"*",0.0348551038980874,"*"
"138","CrossesMcPh",28.9199999999999,36.0576224026673,0.802049554932958,0.424505258425488,"F1","Fitness","HSD","female","Paternal",0.646554162832666," ",0.802521763446655," "
"139","CrossesMhPh",-49.4399999999998,60.4636794557967,-0.817680968888835,0.415564202813148,"F2","Fitness","HSD","female","Parental",0.637842729899251," ",0.796498055391867," "
"140","CrossesMhPc",130.28,60.4636794557968,2.15468197060756,0.0336888398364874,"F2","Fitness","HSD","female","Maternal",0.0995580639943955,".",0.127955776993631," "
"141","CrossesMcPh",89.32,60.4636794557967,1.47725048829189,0.142881655657153,"F2","Fitness","HSD","female","Paternal",0.321483725228595," ",0.384110424948451," "
"142","CrossesMhPh",-19.2399999999999,42.1907541214107,-0.456024083964789,0.649402596964469,"F3","Fitness","HSD","female","Parental",0.79864418757121," ",0.979274604144311," "
"143","CrossesMhPc",66.8000000000001,42.1907541214107,1.58328528112516,0.116645438833406,"F3","Fitness","HSD","female","Maternal",0.275571731517719," ",0.324835012380862," "
"144","CrossesMcPh",54.84,42.1907541214107,1.29981085055245,0.196778220233525,"F3","Fitness","HSD","female","Paternal",0.375337378348772," ",0.471785080930248," "
"145","CrossesMhPh",0.10375,0.0435611867693435,2.38170737976806,0.0182527712334626,"F1","Weight","HSD","female","Parental",0.0592467000692721,".",0.0787150759443075,"."
"146","CrossesMhPc",0.12375,0.0435611867693435,2.84083169394021,0.00500676250616284,"F1","Weight","HSD","female","Maternal",0.0202314076779641,"*",0.0286154318907675,"*"
"147","CrossesMcPh",0.0266666666666668,0.0435611867693436,0.612165752229543,0.541183832947454,"F1","Weight","HSD","female","Paternal",0.733934239202712," ",0.907085452794518," "
"148","CrossesMhPh",-0.0174999999999999,0.0511663664545317,-0.34202155073003,0.732725005424063,"F2","Weight","HSD","female","Parental",0.86284406708447," ",0.999986154515138," "
"149","CrossesMhPc",0.136666666666667,0.0511663664545317,2.67102544379644,0.00823978099877933,"F2","Weight","HSD","female","Maternal",0.0291335113885412,"*",0.0401325803940546,"*"
"150","CrossesMcPh",-0.0983333333333334,0.0511663664545318,-1.92183538029256,0.0561715411091454,"F2","Weight","HSD","female","Paternal",0.156647396332546," ",0.189065187147855," "
"151","CrossesMhPh",-0.00266666666666671,0.0494650211177174,-0.0539101491601621,0.957053143956397,"F3","Weight","HSD","female","Parental",0.986961054705035," ",0.999986154515138," "
"152","CrossesMhPc",0.0486666666666665,0.0494650211177176,0.983860222172934,0.326209160766675,"F3","Weight","HSD","female","Maternal",0.561647076798275," ",0.689033635496956," "
"153","CrossesMcPh",0.0166666666666665,0.0494650211177177,0.336938432251003,0.736467915844825,"F3","Weight","HSD","female","Paternal",0.86284406708447," ",0.999986154515138," "
"154","CrossesMhPh",-16.0911042960915,2.90066768744889,-5.54737944153938,1.00352212708602e-07,"F1","TAG","HSD","male","Parental",1.52844139356178e-06,"***",1.88844618460732e-06,"***"
"155","CrossesMhPc",-14.0529116655127,2.89137503290236,-4.86028671673435,2.51181926650662e-06,"F1","TAG","HSD","male","Maternal",2.76300119315728e-05,"***",3.46631058777913e-05,"***"
"156","CrossesMcPh",-7.20333974288312,2.88861118596582,-2.49370347171686,0.0135289379073323,"F1","TAG","HSD","male","Paternal",0.0446454950941966,"*",0.0602255945552213,"."
"157","CrossesMhPh",-28.1207370740924,2.38070585038533,-11.8119326121457,2.6926385751907e-24,"F2","TAG","HSD","male","Parental",5.33142437887758e-22,"***",1.85792061688158e-22,"***"
"158","CrossesMhPc",-19.6161105240881,2.38942464382772,-8.20955395047076,3.87885478599018e-14,"F2","TAG","HSD","male","Maternal",1.92003311906514e-12,"***",1.78427320155548e-12,"***"
"159","CrossesMcPh",5.25489462340693,2.36769535593981,2.21941332537737,0.0276872742856705,"F2","TAG","HSD","male","Paternal",0.083305347025324,".",0.109487027518997," "
"160","CrossesMhPh",0.726370634611968,2.48803759098194,0.291945201006909,0.770590541278784,"F3","TAG","HSD","male","Parental",0.875948854118207," ",0.999986154515138," "
"161","CrossesMhPc",-0.25163836427625,2.48337680085096,-0.101329111309256,0.919377104055795,"F3","TAG","HSD","male","Maternal",0.968280141505571," ",0.999986154515138," "
"162","CrossesMcPh",1.85824356404001,2.48238607117185,0.748571539946964,0.454876990409188,"F3","TAG","HSD","male","Paternal",0.669916847365391," ",0.836722369698125," "
"163","CrossesMhPh",-0.90107052254769,1.79594422630322,-0.50172522584538,0.616463895319448,"F1","Glycogen","HSD","male","Parental",0.7824349440593," ",0.955865365776223," "
"164","CrossesMhPc",-2.7673692847394,1.79386773537071,-1.54268301401134,0.124635162846416,"F1","Glycogen","HSD","male","Maternal",0.283652439581499," ",0.33946682512116," "
"165","CrossesMcPh",0.0680847850885428,1.79192376577469,0.0379953580553736,0.969732799602116,"F1","Glycogen","HSD","male","Paternal",0.987398431360041," ",0.999986154515138," "
"166","CrossesMhPh",8.20271524026725,2.05070848820418,3.9999421114458,9.1870406528656e-05,"F2","Glycogen","HSD","male","Parental",0.000551222439171936,"***",0.000826833658757904,"***"
"167","CrossesMhPc",15.4467726469058,2.05390069455214,7.52070082447389,2.36585685027159e-12,"F2","Glycogen","HSD","male","Maternal",9.36879312707549e-11,"***",9.79464736012437e-11,"***"
"168","CrossesMcPh",8.96678037478647,2.05454813080031,4.36435644430176,2.12805478528971e-05,"F2","Glycogen","HSD","male","Paternal",0.000160151219526963,"***",0.0002259012002846,"***"
"169","CrossesMhPh",-0.0716321522457203,1.67298936566272,-0.0428168604749885,0.96588451013387,"F3","Glycogen","HSD","male","Parental",0.987398431360041," ",0.999986154515138," "
"170","CrossesMhPc",-0.468733744751153,1.67402145049541,-0.280004622767788,0.779724533755404,"F3","Glycogen","HSD","male","Maternal",0.875948854118207," ",0.999986154515138," "
"171","CrossesMcPh",1.43641688901944,1.67731904033869,0.856376666856051,0.392676942590193,"F3","Glycogen","HSD","male","Paternal",0.622000277062866," ",0.766831387888396," "
"172","CrossesMhPh",-1.03313943298708,1.59842426823263,-0.646348690719905,0.518863323118142,"F1","Trehalose","HSD","male","Parental",0.728616581399944," ",0.891325376642783," "
"173","CrossesMhPc",0.828500280725263,1.59657615209925,0.518923121603635,0.604441314683125,"F1","Trehalose","HSD","male","Maternal",0.772125034240379," ",0.940747008566969," "
"174","CrossesMcPh",-0.448210210731501,1.5948459824573,-0.281036674175214,0.778999767064732,"F1","Trehalose","HSD","male","Paternal",0.875948854118207," ",0.999986154515138," "
"175","CrossesMhPh",3.05238993563928,0.985726036220918,3.09659055708983,0.00226578715869111,"F2","Trehalose","HSD","male","Parental",0.01019604221411,"*",0.0144313212876634,"*"
"176","CrossesMhPc",3.07931231954372,0.987260452705892,3.11904757362043,0.00210811630951712,"F2","Trehalose","HSD","male","Maternal",0.00970714021591602,"**",0.0136368773771888,"*"
"177","CrossesMcPh",5.5902825078544,0.987571659671817,5.66063480366794,5.74453659710489e-08,"F2","Trehalose","HSD","male","Paternal",1.03401658747888e-06,"***",1.25170429010601e-06,"***"
"178","CrossesMhPh",0.465815639790051,1.11609735238764,0.417361118896611,0.676801922980461,"F3","Trehalose","HSD","male","Parental",0.810582332640423," ",0.986204225426628," "
"179","CrossesMhPc",-0.0187548925929807,1.11678588464782,-0.0167936332745601,0.986615744739642,"F3","Trehalose","HSD","male","Maternal",0.987398431360041," ",0.999986154515138," "
"180","CrossesMcPh",0.590452213112839,1.11898579779066,0.527667298618657,0.598236734751419,"F3","Trehalose","HSD","male","Paternal",0.769161516108967," ",0.937647269763424," "
"181","CrossesMhPh",0.328270142061866,0.589312415121653,0.557039243766993,0.578181252243098,"F1","Glucose","HSD","male","Parental",0.753157157527194," ",0.92064245549478," "
"182","CrossesMhPc",-0.980428197083171,0.588631045473035,-1.66560735221718,0.0975025691764486,"F1","Glucose","HSD","male","Maternal",0.24131885871171," ",0.284268053796125," "
"183","CrossesMcPh",-0.926278811779174,0.587993160732085,-1.57532242488315,0.116909219431759,"F1","Glucose","HSD","male","Paternal",0.275571731517719," ",0.324835012380862," "
"184","CrossesMhPh",2.31481618272412,0.532795956870894,4.34465793681885,2.30861810190011e-05,"F2","Glucose","HSD","male","Parental",0.000163252280062936,"***",0.000233114120533328,"***"
"185","CrossesMhPc",2.98454342251563,0.5336253261574,5.59295684859473,8.02441716249509e-08,"F2","Glucose","HSD","male","Maternal",1.32402883181169e-06,"***",1.66105435263648e-06,"***"
"186","CrossesMcPh",1.47801346965289,0.533793537006158,2.76888603399453,0.00620405187252885,"F2","Glucose","HSD","male","Paternal",0.0245365850427287,"*",0.0342463663363593,"*"
"187","CrossesMhPh",0.24975570940373,0.439304038520864,0.568525867061584,0.570230217983481,"F3","Glucose","HSD","male","Parental",0.752703887738195," ",0.92064245549478," "
"188","CrossesMhPc",0.0887160666996487,0.439575049828169,0.201822343498176,0.840233231866,"F3","Glucose","HSD","male","Maternal",0.904701512011389," ",0.999986154515138," "
"189","CrossesMcPh",0.58056164228229,0.440440951647553,1.31813728971066,0.188763265458309,"F3","Glucose","HSD","male","Paternal",0.373751265607452," ",0.465166618450833," "
"190","CrossesMhPh",0.0416666666666659,0.0435611867693435,0.956508987858638,0.340070182699972,"F1","Weight","HSD","male","Parental",0.570655290528479," ",0.704709539151302," "
"191","CrossesMhPc",0.030416666666666,0.0435611867693435,0.698251561136804,0.485901397675645,"F1","Weight","HSD","male","Maternal",0.687203405284126," ",0.856013526117944," "
"192","CrossesMcPh",-0.0129166666666676,0.0435611867693436,-0.296517786236205,0.767169112868251,"F1","Weight","HSD","male","Paternal",0.875948854118207," ",0.999986154515138," "
"193","CrossesMhPh",-0.000833333333334743,0.0511663664545317,-0.0162867405109814,0.987023282107708,"F2","Weight","HSD","male","Parental",0.987398431360041," ",0.999986154515138," "
"194","CrossesMhPc",0.0387499999999987,0.0511663664545317,0.75733343375933,0.449818868599821,"F2","Weight","HSD","male","Maternal",0.669655157765148," ",0.831361658930027," "
"195","CrossesMcPh",0.0424999999999986,0.0511663664545318,0.83062376605862,0.407262684582795,"F2","Weight","HSD","male","Paternal",0.634452931255487," ",0.787882015968584," "
"196","CrossesMhPh",0.0420000000000012,0.0494650211177174,0.849084849272562,0.396709356006981,"F3","Weight","HSD","male","Parental",0.623400416582399," ",0.77106888914033," "
"197","CrossesMhPc",0.049666666666668,0.0494650211177176,1.00407652810802,0.316387815980322,"F3","Weight","HSD","male","Maternal",0.549515680386875," ",0.67517812276213," "
"198","CrossesMcPh",0.0686666666666677,0.0494650211177174,1.38818634087417,0.166411860251025,"F3","Weight","HSD","male","Paternal",0.354296218598956," ",0.427916212074064," "
"199","Both vs Maternal NSD",15.700574228021,3.80467441099371,4.12665382947193,0.00012011852775462,"F1","TAG","NSD","female","NA",0.00172970679966653,"**",0.000994581409808255,"***"
"200","Both vs Paternal NSD",17.0469628306373,3.70871317615585,4.59646298350492,9.60398941030061e-06,"F1","TAG","NSD","female","NA",0.000159573977894225,"***",0.000110445878218457,"***"
"201","Maternal vs Paternal NSD",1.34638860261629,3.63055257821537,0.370849498419361,0.928459496121144,"F1","TAG","NSD","female","NA",0.999986154515138," ",0.999986154515138," "
"202","Both vs Maternal * Paternal NSD",16.3737685293292,3.28934984343937,4.9778130356024,1.29591333419832e-06,"F1","TAG","NSD","female","NA",2.54470254715306e-05,"***",1.98706711243742e-05,"***"
"203","Both vs Maternal NSD",4.41200990104559,1.68615445944362,2.61661075966992,0.02635133069111,"F1","Glycogen","NSD","female","NA",0.145945831519994," ",0.105921181373887," "
"204","Both vs Paternal NSD",2.68717581102132,1.6814008577995,1.5981767813168,0.254763877106718,"F1","Glycogen","NSD","female","NA",0.764291631320154," ",0.576351066241428," "
"205","Maternal vs Paternal NSD",-1.72483409002426,1.70191198293291,-1.01346844450313,0.576239320771315,"F1","Glycogen","NSD","female","NA",0.999986154515138," ",0.92064245549478," "
"206","Both vs Maternal * Paternal NSD",3.54959285603346,1.45292351947465,2.44306930712838,0.0415802365088397,"F1","Glycogen","NSD","female","NA",0.203588884248795," ",0.151001911532102," "
"207","Both vs Maternal NSD",-0.197659351954249,2.38676553903795,-0.082814733463062,0.996319640697156,"F1","Trehalose","NSD","female","NA",0.999986154515138," ",0.999986154515138," "
"208","Both vs Paternal NSD",-0.385012625426927,2.38003677671909,-0.161767510986814,0.986030096305686,"F1","Trehalose","NSD","female","NA",0.999986154515138," ",0.999986154515138," "
"209","Maternal vs Paternal NSD",-0.187353273472678,2.40907044345177,-0.0777699439972514,0.99675382927367,"F1","Trehalose","NSD","female","NA",0.999986154515138," ",0.999986154515138," "
"210","Both vs Maternal * Paternal NSD",-0.291335988690588,2.0566252206124,-0.141657306236786,0.989269495986395,"F1","Trehalose","NSD","female","NA",0.999986154515138," ",0.999986154515138," "
"211","Both vs Maternal NSD",1.85638692315359,0.60202196417984,3.08358670216065,0.00645021788407074,"F1","Glucose","NSD","female","NA",0.0535864254984339,".",0.0346803922598089,"*"
"212","Both vs Paternal NSD",1.4211144301908,0.600324745646454,2.36724279733044,0.0507051083030916,"F1","Glucose","NSD","female","NA",0.218906801567332," ",0.176290221875836," "
"213","Maternal vs Paternal NSD",-0.435272492962794,0.607648005844353,-0.71632341219974,0.759107527238202,"F1","Glucose","NSD","female","NA",0.999986154515138," ",0.999986154515138," "
"214","Both vs Maternal * Paternal NSD",1.63875067667219,0.51874955233095,3.15904017518402,0.00504571625127059,"F1","Glucose","NSD","female","NA",0.0447081678205092,"*",0.0286154318907675,"*"
"215","Both vs Maternal NSD",0.679999999999957,36.3482122439788,0.0187079352193615,0.999811684827338,"F1","Fitness","NSD","female","NA",0.999986154515138," ",0.999986154515138," "
"216","Both vs Paternal NSD",-15.32,36.3482122439788,-0.421478775824463,0.908858379516737,"F1","Fitness","NSD","female","NA",0.999986154515138," ",0.999986154515138," "
"217","Maternal vs Paternal NSD",-15.9999999999999,36.3482122439788,-0.440186711043825,0.901013887082157,"F1","Fitness","NSD","female","NA",0.999986154515138," ",0.999986154515138," "
"218","Both vs Maternal * Paternal NSD",-7.32,31.4784751854343,-0.232539853245087,0.971322613474646,"F1","Fitness","NSD","female","NA",0.999986154515138," ",0.999986154515138," "
"219","Both vs Maternal NSD",-20.3167147810521,3.61508094693083,-5.61998889632078,3.81939353477634e-08,"F1","TAG","NSD","male","NA",1.03123625438961e-06,"***",8.78460512998558e-07,"***"
"220","Both vs Paternal NSD",-40.1734024166979,3.62012413568984,-11.0972444344212,0,"F1","TAG","NSD","male","NA",0,"***",0,"***"
"221","Maternal vs Paternal NSD",-19.8566876356458,3.62948872818974,-5.47093244330025,8.95347722629225e-08,"F1","TAG","NSD","male","NA",2.14883453431014e-06,"***",1.76511408175476e-06,"***"
"222","Both vs Maternal * Paternal NSD",-30.245058598875,3.12949794668716,-9.66450820998044,0,"F1","TAG","NSD","male","NA",0,"***",0,"***"
"223","Both vs Maternal NSD",-5.08859475377901,1.68459407374829,-3.02066523507155,0.00776319570676565,"F1","Glycogen","NSD","male","NA",0.05782242319522,".",0.0387224460554335,"*"
"224","Both vs Paternal NSD",-9.14489451663103,1.68370928884722,-5.43139755610199,1.11828819204796e-07,"F1","Glycogen","NSD","male","NA",2.41550249482358e-06,"***",2.01291874568632e-06,"***"
"225","Maternal vs Paternal NSD",-4.05629976285202,1.67741353215281,-2.41818709882836,0.0442154776564245,"F1","Glycogen","NSD","male","NA",0.203588884248795," ",0.156751840365347," "
"226","Both vs Maternal * Paternal NSD",-7.11674463520502,1.46045816162833,-4.87295344857414,2.20068759537728e-06,"F1","Glycogen","NSD","male","NA",3.96123767167911e-05,"***",3.14167125684895e-05,"***"
"227","Both vs Maternal NSD",1.03608465197562,2.38455680022143,0.434497786707957,0.903396199919055,"F1","Trehalose","NSD","male","NA",0.999986154515138," ",0.999986154515138," "
"228","Both vs Paternal NSD",2.04947828910415,2.38330437989926,0.859931407162848,0.671968368035633,"F1","Trehalose","NSD","male","NA",0.999986154515138," ",0.986204225426628," "
"229","Maternal vs Paternal NSD",1.01339363712853,2.37439268439222,0.42680119585524,0.906621918127118,"F1","Trehalose","NSD","male","NA",0.999986154515138," ",0.999986154515138," "
"230","Both vs Maternal * Paternal NSD",1.54278147053989,2.06729056870117,0.746281869562815,0.74117633072017,"F1","Trehalose","NSD","male","NA",0.999986154515138," ",0.999986154515138," "
"231","Both vs Maternal NSD",-0.848517137522616,0.601464846499476,-1.41075100641539,0.343843784803292,"F1","Glucose","NSD","male","NA",0.89482237972905," ",0.704709539151302," "
"232","Both vs Paternal NSD",-1.37349666069843,0.601148944275316,-2.2847859482714,0.0612349251278212,"F1","Glucose","NSD","male","NA",0.242124645349525," ",0.200976165595243," "
"233","Maternal vs Paternal NSD",-0.524979523175815,0.598901117102695,-0.876571287286137,0.661624275000512,"F1","Glucose","NSD","male","NA",0.999986154515138," ",0.981765053226566," "
"234","Both vs Maternal * Paternal NSD",-1.11100689911052,0.521439709239974,-2.13065265154024,0.088467878577224,"F1","Glucose","NSD","male","NA",0.312046077732471," ",0.263494257057344," "
"235","Both vs Maternal NSD",-3.90760164082733,3.24298352658099,-1.20494033003832,0.458915156850779,"F2","TAG","NSD","female","NA",0.999986154515138," ",0.836964206767501," "
"236","Both vs Paternal NSD",-2.31406057434479,3.21534525125368,-0.719692721471365,0.757064957068291,"F2","TAG","NSD","female","NA",0.999986154515138," ",0.999986154515138," "
"237","Maternal vs Paternal NSD",1.59354106648255,3.25302224960608,0.489864791633538,0.878979034891539,"F2","TAG","NSD","female","NA",0.999986154515138," ",0.999986154515138," "
"238","Both vs Maternal * Paternal NSD",-3.11083110758606,2.78965144419685,-1.11513254247492,0.513040803722701,"F2","TAG","NSD","female","NA",0.999986154515138," ",0.888698295988277," "
"239","Both vs Maternal NSD",-1.72792342993465,2.22279508600222,-0.777365147519011,0.722653890884222,"F2","Glycogen","NSD","female","NA",0.999986154515138," ",0.999986154515138," "
"240","Both vs Paternal NSD",2.5047592200202,2.25735537550508,1.10959897905298,0.516267877383693,"F2","Glycogen","NSD","female","NA",0.999986154515138," ",0.890562088486871," "
"241","Maternal vs Paternal NSD",4.23268264995485,2.24101117175795,1.88873786230818,0.148307448195881,"F2","Glycogen","NSD","female","NA",0.478125504631496," ",0.393585150981376," "
"242","Both vs Maternal * Paternal NSD",0.388417895042777,1.93976876839809,0.200239276645093,0.978655444457272,"F2","Glycogen","NSD","female","NA",0.999986154515138," ",0.999986154515138," "
"243","Both vs Maternal NSD",1.21516477754415,1.2369539985732,0.982384776593003,0.595438978619866,"F2","Trehalose","NSD","female","NA",0.999986154515138," ",0.937306985355987," "
"244","Both vs Paternal NSD",1.86834109473778,1.25618631043209,1.48731209632043,0.305491856224143,"F2","Trehalose","NSD","female","NA",0.835268872714114," ",0.658716814983309," "
"245","Maternal vs Paternal NSD",0.65317631719363,1.24709099242198,0.523759951088328,0.862819222469152,"F2","Trehalose","NSD","female","NA",0.999986154515138," ",0.999986154515138," "
"246","Both vs Maternal * Paternal NSD",1.54175293614097,1.07945385946163,1.42827127127964,0.33487291294811,"F2","Trehalose","NSD","female","NA",0.88210425849746," ",0.700188817982412," "
"247","Both vs Maternal NSD",-0.30896269440928,0.515831616518584,-0.598960367133969,0.824535943036327,"F2","Glucose","NSD","female","NA",0.999986154515138," ",0.999986154515138," "
"248","Both vs Paternal NSD",0.304396070540038,0.523851829499023,0.581072840446395,0.833943993951004,"F2","Glucose","NSD","female","NA",0.999986154515138," ",0.999986154515138," "
"249","Maternal vs Paternal NSD",0.613358764949318,0.520058921600007,1.17940244744243,0.473938664655264,"F2","Glucose","NSD","female","NA",0.999986154515138," ",0.849003225222621," "
"250","Both vs Maternal * Paternal NSD",-0.00228331193462084,0.450151282849314,-0.00507232128756403,0.999986154515138,"F2","Glucose","NSD","female","NA",0.999986154515138," ",0.999986154515138," "
"251","Both vs Maternal NSD",-33.7199999999998,46.0847125773106,-0.731696003168772,0.749888392876713,"F2","Fitness","NSD","female","NA",0.999986154515138," ",0.999986154515138," "
"252","Both vs Paternal NSD",23.9200000000001,46.0847125773106,0.519044139851636,0.865100705828548,"F2","Fitness","NSD","female","NA",0.999986154515138," ",0.999986154515138," "
"253","Maternal vs Paternal NSD",57.6399999999999,46.0847125773106,1.25074014302041,0.431913812205847,"F2","Fitness","NSD","female","NA",0.999986154515138," ",0.805873346398912," "
"254","Both vs Maternal * Paternal NSD",-4.89999999999986,39.9105318180553,-0.122774610529823,0.991921611282678,"F2","Fitness","NSD","female","NA",0.999986154515138," ",0.999986154515138," "
"255","Both vs Maternal NSD",-6.44412409232675,3.21459220127616,-2.00464746034302,0.116749004755477,"F2","TAG","NSD","male","NA",0.387965923495123," ",0.324835012380862," "
"256","Both vs Paternal NSD",-6.28028921363344,3.2184195405932,-1.95135815403231,0.13057886375155,"F2","TAG","NSD","male","NA",0.427349008641436," ",0.35333104309243," "
"257","Maternal vs Paternal NSD",0.163834878693311,3.21894161178014,0.0508971265877382,0.998607018731114,"F2","TAG","NSD","male","NA",0.999986154515138," ",0.999986154515138," "
"258","Both vs Maternal * Paternal NSD",-6.36220665298009,2.784872960276,-2.28455902431886,0.0616521087695551,"F2","TAG","NSD","male","NA",0.242124645349525," ",0.200976165595243," "
"259","Both vs Maternal NSD",0.622325496635957,2.22080223913375,0.280225535470777,0.958631128850871,"F2","Glycogen","NSD","male","NA",0.999986154515138," ",0.999986154515138," "
"260","Both vs Paternal NSD",-13.3392846290351,2.23379521792618,-5.97157900687921,4.73101879894244e-09,"F2","Glycogen","NSD","male","NA",1.45985722938795e-07,"***",1.50664752520167e-07,"***"
"261","Maternal vs Paternal NSD",-13.9616101256711,2.22948809113177,-6.26224924959509,7.58926477217869e-10,"F2","Glycogen","NSD","male","NA",2.73213531798433e-08,"***",2.61829634640165e-08,"***"
"262","Both vs Maternal * Paternal NSD",-6.35847956619958,1.92827579546108,-3.29749488178332,0.00299562961557021,"F2","Glycogen","NSD","male","NA",0.0294116362255984,"*",0.0182380979536186,"*"
"263","Both vs Maternal NSD",0.998454249408685,1.23584500750244,0.807912192343999,0.70411191589339,"F2","Trehalose","NSD","male","NA",0.999986154515138," ",0.999986154515138," "
"264","Both vs Paternal NSD",1.71734595262143,1.24307541626656,1.38152997810808,0.359332173565684,"F2","Trehalose","NSD","male","NA",0.91614458359624," ",0.727898933250392," "
"265","Maternal vs Paternal NSD",0.718891703212749,1.2406785611789,0.579434291610272,0.834812422663509,"F2","Trehalose","NSD","male","NA",0.999986154515138," ",0.999986154515138," "
"266","Both vs Maternal * Paternal NSD",1.35790010101506,1.07305818272136,1.2654487173951,0.423450647379488,"F2","Trehalose","NSD","male","NA",0.999986154515138," ",0.802521763446655," "
"267","Both vs Maternal NSD",-0.759010320395446,0.515369147698084,-1.47275079190439,0.312651418475145,"F2","Glucose","NSD","male","NA",0.844158829882893," ",0.670661591962229," "
"268","Both vs Paternal NSD",-1.53607377039361,0.518384355575812,-2.96319469110399,0.00903190636797335,"F2","Glucose","NSD","male","NA",0.0640586097956617,".",0.0434791771667554,"*"
"269","Maternal vs Paternal NSD",-0.777063449998161,0.517384824763951,-1.50190614955258,0.29843153488335,"F2","Glucose","NSD","male","NA",0.830697340737578," ",0.650205510158471," "
"270","Both vs Maternal * Paternal NSD",-1.14754204539453,0.447484172936198,-2.56443046435553,0.0304535489550443,"F2","Glucose","NSD","male","NA",0.159957321658681," ",0.117829619321386," "
"271","Both vs Maternal NSD",3.67260970224402,2.66209010651444,1.37959631541274,0.360519859285557,"F3","TAG","NSD","female","NA",0.91614458359624," ",0.727898933250392," "
"272","Both vs Paternal NSD",-2.79781530498616,2.66429809292271,-1.05011346606377,0.553210318961461,"F3","TAG","NSD","female","NA",0.999986154515138," ",0.912466422510139," "
"273","Maternal vs Paternal NSD",-6.47042500723018,2.67582300252608,-2.41810650447427,0.0442037586273283,"F3","TAG","NSD","female","NA",0.203588884248795," ",0.156751840365347," "
"274","Both vs Maternal * Paternal NSD",0.437397198628929,2.30273681656522,0.189946673663451,0.980781025666428,"F3","TAG","NSD","female","NA",0.999986154515138," ",0.999986154515138," "
"275","Both vs Maternal NSD",-3.95305873233313,1.75963262244974,-2.24652503136122,0.067468457130597,"F3","Glycogen","NSD","female","NA",0.255669942810683," ",0.211605615545963," "
"276","Both vs Paternal NSD",-4.28498422183981,1.77239110253372,-2.41762905247844,0.0442994331467286,"F3","Glycogen","NSD","female","NA",0.203588884248795," ",0.156751840365347," "
"277","Maternal vs Paternal NSD",-0.331925489506671,1.75238781343827,-0.189413260558698,0.980866062138347,"F3","Glycogen","NSD","female","NA",0.999986154515138," ",0.999986154515138," "
"278","Both vs Maternal * Paternal NSD",-4.11902147708647,1.53333715502928,-2.6863116592305,0.0216533186794104,"F3","Glycogen","NSD","female","NA",0.129919912076463," ",0.091474223808938,"."
"279","Both vs Maternal NSD",1.80122837836185,1.24083444703283,1.45162667160723,0.3228667062817,"F3","Trehalose","NSD","female","NA",0.860977883417866," ",0.685470853336532," "
"280","Both vs Paternal NSD",-0.052069525263389,1.24983130318223,-0.0416612427059662,0.999065768179407,"F3","Trehalose","NSD","female","NA",0.999986154515138," ",0.999986154515138," "
"281","Maternal vs Paternal NSD",-1.85329790362524,1.23572564848652,-1.49976485953424,0.299239974430823,"F3","Trehalose","NSD","female","NA",0.830697340737578," ",0.650205510158471," "
"282","Both vs Maternal * Paternal NSD",0.874579426549233,1.08125840394277,0.808853298490082,0.703341987113227,"F3","Trehalose","NSD","female","NA",0.999986154515138," ",0.999986154515138," "
"283","Both vs Maternal NSD",-0.960242186303852,0.406712927180995,-2.36098270335166,0.0510986150364742,"F3","Glucose","NSD","female","NA",0.218906801567332," ",0.176290221875836," "
"284","Both vs Paternal NSD",-0.138708487686058,0.409661860222547,-0.338592632496238,0.940141339158215,"F3","Glucose","NSD","female","NA",0.999986154515138," ",0.999986154515138," "
"285","Maternal vs Paternal NSD",0.821533698617794,0.405038397257914,2.02828597036609,0.111011937059133,"F3","Glucose","NSD","female","NA",0.374665287574574," ",0.316958220292973," "
"286","Both vs Maternal * Paternal NSD",-0.549475336994955,0.354408093326395,-1.55040290371956,0.275542696117063,"F3","Glucose","NSD","female","NA",0.79356296481714," ",0.608207054495324," "
"287","Both vs Maternal NSD",-5.20000000000004,37.0443409983225,-0.140372317602721,0.989453225935304,"F3","Fitness","NSD","female","NA",0.999986154515138," ",0.999986154515138," "
"288","Both vs Paternal NSD",-24.0000000000001,37.0443409983225,-0.64787223508948,0.797943848597634,"F3","Fitness","NSD","female","NA",0.999986154515138," ",0.999986154515138," "
"289","Maternal vs Paternal NSD",-18.8000000000001,37.0443409983225,-0.50749991748676,0.870631738010634,"F3","Fitness","NSD","female","NA",0.999986154515138," ",0.999986154515138," "
"290","Both vs Maternal * Paternal NSD",-14.6000000000001,32.0813403710007,-0.455093204684099,0.894570557912955,"F3","Fitness","NSD","female","NA",0.999986154515138," ",0.999986154515138," "
"291","Both vs Maternal NSD",1.67123713114338,2.66878667810664,0.626216079708937,0.80982358052946,"F3","TAG","NSD","male","NA",0.999986154515138," ",0.999986154515138," "
"292","Both vs Paternal NSD",0.326323950913829,2.66786201381791,0.122316652519384,0.991978707583135,"F3","TAG","NSD","male","NA",0.999986154515138," ",0.999986154515138," "
"293","Maternal vs Paternal NSD",-1.34491318022955,2.65889830499067,-0.505815953060404,0.8713965839648,"F3","TAG","NSD","male","NA",0.999986154515138," ",0.999986154515138," "
"294","Both vs Maternal * Paternal NSD",0.998780541028603,2.31355137827874,0.431708822378385,0.904573824376897,"F3","TAG","NSD","male","NA",0.999986154515138," ",0.999986154515138," "
"295","Both vs Maternal NSD",-1.91862375901989,1.75255659567787,-1.09475709015707,0.525447517201235,"F3","Glycogen","NSD","male","NA",0.999986154515138," ",0.898906083145915," "
"296","Both vs Paternal NSD",-1.3117447951832,1.7497519162046,-0.749674729906007,0.739252837790564,"F3","Glycogen","NSD","male","NA",0.999986154515138," ",0.999986154515138," "
"297","Maternal vs Paternal NSD",0.606878963836691,1.75234643314055,0.3463236220643,0.937511288861963,"F3","Glycogen","NSD","male","NA",0.999986154515138," ",0.999986154515138," "
"298","Both vs Maternal * Paternal NSD",-1.61518427710155,1.51620041195837,-1.06528415660785,0.543648944239111,"F3","Glycogen","NSD","male","NA",0.999986154515138," ",0.907542995624968," "
"299","Both vs Maternal NSD",0.485033402048088,1.2358446681127,0.39247116936532,0.920478222062123,"F3","Trehalose","NSD","male","NA",0.999986154515138," ",0.999986154515138," "
"300","Both vs Paternal NSD",0.69564024369522,1.23386690135678,0.563788722211678,0.842867259750271,"F3","Trehalose","NSD","male","NA",0.999986154515138," ",0.999986154515138," "
"301","Maternal vs Paternal NSD",0.210606841647132,1.23569646847577,0.170435739698209,0.98449112555947,"F3","Trehalose","NSD","male","NA",0.999986154515138," ",0.999986154515138," "
"302","Both vs Maternal * Paternal NSD",0.590336822871654,1.06917414223891,0.552142817105036,0.848775055260635,"F3","Trehalose","NSD","male","NA",0.999986154515138," ",0.999986154515138," "
"303","Both vs Maternal NSD",-0.299701318504185,0.405077408763979,-0.739861843736656,0.745071947270862,"F3","Glucose","NSD","male","NA",0.999986154515138," ",0.999986154515138," "
"304","Both vs Paternal NSD",0.24494693590035,0.404429148789809,0.605660933771257,0.820980059589378,"F3","Glucose","NSD","male","NA",0.999986154515138," ",0.999986154515138," "
"305","Maternal vs Paternal NSD",0.544648254404535,0.405028832817132,1.34471477157884,0.379101174535852,"F3","Glucose","NSD","male","NA",0.941216709192461," ",0.747370886942109," "
"306","Both vs Maternal * Paternal NSD",-0.0273771913019172,0.350447189869733,-0.0781207328616154,0.996721618845362,"F3","Glucose","NSD","male","NA",0.999986154515138," ",0.999986154515138," "
"307","Both vs Maternal HSD",3.00930734375389,2.90683420831922,1.03525248710139,0.562267870784103,"F1","TAG","HSD","female","NA",0.999986154515138," ",0.913446901337656," "
"308","Both vs Paternal HSD",2.6094299178729,2.89346893725493,0.901834432806631,0.645873125886717,"F1","TAG","HSD","female","NA",0.999986154515138," ",0.979274604144311," "
"309","Maternal vs Paternal HSD",-0.399877425880984,2.89286657779506,-0.138228782810222,0.989768728554374,"F1","TAG","HSD","female","NA",0.999986154515138," ",0.999986154515138," "
"310","Both vs Maternal * Paternal HSD",2.80936863081339,2.51371329779792,1.1176169666105,0.511317155077325,"F1","TAG","HSD","female","NA",0.999986154515138," ",0.888698295988277," "
"311","Both vs Maternal HSD",1.74801182236289,1.79252168966834,0.975169133203802,0.600184846587699,"F1","Glycogen","HSD","female","NA",0.999986154515138," ",0.937647269763424," "
"312","Both vs Paternal HSD",6.53812533945551,1.80667515420031,3.61887156318895,0.00122606802782144,"F1","Glycogen","HSD","female","NA",0.0139384575794437,"*",0.0087515890261737,"**"
"313","Maternal vs Paternal HSD",4.79011351709262,1.81551486712796,2.63843254815661,0.0245330361385357,"F1","Glycogen","HSD","female","NA",0.139450942261151," ",0.101566769613538," "
"314","Both vs Maternal * Paternal HSD",4.1430685809092,1.55389221060453,2.666252235924,0.0226180080440124,"F1","Glycogen","HSD","female","NA",0.132040263175856," ",0.0945843972749608,"."
"315","Both vs Maternal HSD",-1.6119113582012,1.59537814601125,-1.01036319334779,0.578162813742926,"F1","Trehalose","HSD","female","NA",0.999986154515138," ",0.92064245549478," "
"316","Both vs Paternal HSD",-1.88416751668028,1.60797499665735,-1.17176418824738,0.478742047483329,"F1","Trehalose","HSD","female","NA",0.999986154515138," ",0.850640376215013," "
"317","Maternal vs Paternal HSD",-0.272256158479075,1.61584250805376,-0.16849176644511,0.984850764400177,"F1","Trehalose","HSD","female","NA",0.999986154515138," ",0.999986154515138," "
"318","Both vs Maternal * Paternal HSD",-1.74803943744074,1.38299340440017,-1.2639535603562,0.424522382113085,"F1","Trehalose","HSD","female","NA",0.999986154515138," ",0.802521763446655," "
"319","Both vs Maternal HSD",1.90911327380697,0.5881893605743,3.24574601611791,0.00391013781720329,"F1","Glucose","HSD","female","NA",0.0367212942833004,"*",0.0227999585397487,"*"
"320","Both vs Paternal HSD",1.69196305633944,0.592833609679318,2.85402687822419,0.0125630198228409,"F1","Glucose","HSD","female","NA",0.0848003838041762,".",0.0571548374357817,"."
"321","Maternal vs Paternal HSD",-0.21715021746753,0.59573423014296,-0.364508545052749,0.931060756644908,"F1","Glucose","HSD","female","NA",0.999986154515138," ",0.999986154515138," "
"322","Both vs Maternal * Paternal HSD",1.80053816507321,0.509886642390346,3.53125188106967,0.00102170083150677,"F1","Glucose","HSD","female","NA",0.0122604099780812,"*",0.00742077446041757,"**"
"323","Both vs Maternal HSD",-9.03999999999984,36.0576224026673,-0.250709819384295,0.966744219433873,"F1","Fitness","HSD","female","NA",0.999986154515138," ",0.999986154515138," "
"324","Both vs Paternal HSD",-137.88,36.0576224026673,-3.82387941335258,0.000497296316337992,"F1","Fitness","HSD","female","NA",0.00671350027056289,"**",0.0038126050919246,"**"
"325","Maternal vs Paternal HSD",-128.84,36.0576224026673,-3.57316959396828,0.000961035266868859,"F1","Fitness","HSD","female","NA",0.0122108010378632,"*",0.00710479643720907,"**"
"326","Both vs Maternal * Paternal HSD",-73.4599999999999,31.2268170007768,-2.35246519035778,0.0521435446008158,"F1","Fitness","HSD","female","NA",0.218906801567332," ",0.178408491444114," "
"327","Both vs Maternal HSD",-2.03819263057887,2.91496860437791,-0.699215980411509,0.768747928051071,"F1","TAG","HSD","male","NA",0.999986154515138," ",0.999986154515138," "
"328","Both vs Paternal HSD",-8.88776455320843,2.90166445138674,-3.06298839928265,0.00681947684962581,"F1","TAG","HSD","male","NA",0.0536956659138267,".",0.0348551038980874,"*"
"329","Maternal vs Paternal HSD",-6.84957192262956,2.89092460397403,-2.36933606404461,0.0499859250372302,"F1","TAG","HSD","male","NA",0.218906801567332," ",0.17537434716452," "
"330","Both vs Maternal * Paternal HSD",-5.46297859189365,2.52368540234507,-2.16468288274652,0.0819897579991378,"F1","TAG","HSD","male","NA",0.295163128796896," ",0.247764670157978," "
"331","Both vs Maternal HSD",1.86629876219171,1.79182045565819,1.04156571954424,0.558403186075735,"F1","Glycogen","HSD","male","NA",0.999986154515138," ",0.913446901337656," "
"332","Both vs Paternal HSD",-0.969155307636232,1.7991229920957,-0.538682075596909,0.855502667487359,"F1","Glycogen","HSD","male","NA",0.999986154515138," ",0.999986154515138," "
"333","Maternal vs Paternal HSD",-2.83545406982794,1.79630673243868,-1.57849103308682,0.263138002318301,"F1","Glycogen","HSD","male","NA",0.778600116448671," ",0.592060505216177," "
"334","Both vs Maternal * Paternal HSD",0.448571727277737,1.55468729130656,0.288528586929373,0.956197231877265,"F1","Glycogen","HSD","male","NA",0.999986154515138," ",0.999986154515138," "
"335","Both vs Maternal HSD",-1.86163971371235,1.59475403450316,-1.16735225209343,0.481217661268494,"F1","Trehalose","HSD","male","NA",0.999986154515138," ",0.85138509301349," "
"336","Both vs Paternal HSD",-0.584929222255581,1.60125342980197,-0.365294594452748,0.930728049685905,"F1","Trehalose","HSD","male","NA",0.999986154515138," ",0.999986154515138," "
"337","Maternal vs Paternal HSD",1.27671049145676,1.59874690553718,0.798569484034615,0.709804096099329,"F1","Trehalose","HSD","male","NA",0.999986154515138," ",0.999986154515138," "
"338","Both vs Maternal * Paternal HSD",-1.22328446798396,1.38370104123584,-0.884067028591232,0.657059941118787,"F1","Trehalose","HSD","male","NA",0.999986154515138," ",0.979274604144311," "
"339","Both vs Maternal HSD",1.30869833914504,0.587959261052258,2.2258316618789,0.0708997894304779,"F1","Glucose","HSD","male","NA",0.264040595120401," ",0.220695585144495," "
"340","Both vs Paternal HSD",1.25454895384104,0.59035547988883,2.12507378448877,0.0895687815713574,"F1","Glucose","HSD","male","NA",0.312046077732471," ",0.264791137936154," "
"341","Maternal vs Paternal HSD",-0.0541493853039969,0.589431366124169,-0.0918671594626165,0.995468934211392,"F1","Glucose","HSD","male","NA",0.999986154515138," ",0.999986154515138," "
"342","Both vs Maternal * Paternal HSD",1.28162364649304,0.51014753631003,2.51226077805493,0.0345085871818352,"F1","Glucose","HSD","male","NA",0.173345461192475," ",0.129877773575271," "
"343","Both vs Maternal HSD",0.729963581655033,2.37270570299008,0.307650283275812,0.950383915830982,"F2","TAG","HSD","female","NA",0.999986154515138," ",0.999986154515138," "
"344","Both vs Paternal HSD",-0.429744084038025,2.36223667490938,-0.181922534944349,0.982360252877034,"F2","TAG","HSD","female","NA",0.999986154515138," ",0.999986154515138," "
"345","Maternal vs Paternal HSD",-1.15970766569306,2.38583449734752,-0.486080516893514,0.880727273684008,"F2","TAG","HSD","female","NA",0.999986154515138," ",0.999986154515138," "
"346","Both vs Maternal * Paternal HSD",0.150109748808504,2.04496837835232,0.0734044351969155,0.997106547065372,"F2","TAG","HSD","female","NA",0.999986154515138," ",0.999986154515138," "
"347","Both vs Maternal HSD",0.12513306977619,2.10068826234264,0.0595676531446148,0.998098888972926,"F2","Glycogen","HSD","female","NA",0.999986154515138," ",0.999986154515138," "
"348","Both vs Paternal HSD",-5.90745242296574,2.06456825827514,-2.86135001799416,0.0130572553633425,"F2","Glycogen","HSD","female","NA",0.0854656714691506,".",0.0587576491350411,"."
"349","Maternal vs Paternal HSD",-6.03258549274193,2.16506816621756,-2.78632589350803,0.0162047014908452,"F2","Glycogen","HSD","female","NA",0.100006157772073," ",0.0706183833390517,"."
"350","Both vs Maternal * Paternal HSD",-2.89115967659477,1.77926574553059,-1.62491729178578,0.243996417174197,"F2","Glycogen","HSD","female","NA",0.742298959290515," ",0.558457750321363," "
"351","Both vs Maternal HSD",-0.151845204480884,1.00975010640744,-0.150378993294815,0.987945133672226,"F2","Trehalose","HSD","female","NA",0.999986154515138," ",0.999986154515138," "
"352","Both vs Paternal HSD",-0.0935956003030367,0.992388092916719,-0.0943135059470038,0.995240725559702,"F2","Trehalose","HSD","female","NA",0.999986154515138," ",0.999986154515138," "
"353","Maternal vs Paternal HSD",0.0582496041778473,1.0406959711288,0.0559717783039616,0.998321197552913,"F2","Trehalose","HSD","female","NA",0.999986154515138," ",0.999986154515138," "
"354","Both vs Maternal * Paternal HSD",-0.12272040239196,0.855250066410658,-0.143490666895821,0.989018642075794,"F2","Trehalose","HSD","female","NA",0.999986154515138," ",0.999986154515138," "
"355","Both vs Maternal HSD",-0.414715549036638,0.545781235734012,-0.759856737249117,0.733890516834604,"F2","Glucose","HSD","female","NA",0.999986154515138," ",0.999986154515138," "
"356","Both vs Paternal HSD",-0.403137028406912,0.536396873090553,-0.751564836842096,0.738839742883364,"F2","Glucose","HSD","female","NA",0.999986154515138," ",0.999986154515138," "
"357","Maternal vs Paternal HSD",0.0115785206297256,0.562507822026308,0.0205837504410456,0.999772781743138,"F2","Glucose","HSD","female","NA",0.999986154515138," ",0.999986154515138," "
"358","Both vs Maternal * Paternal HSD",-0.408926288721775,0.462272234630351,-0.884600584001689,0.65758053128531,"F2","Glucose","HSD","female","NA",0.999986154515138," ",0.979274604144311," "
"359","Both vs Maternal HSD",-179.72,60.4636794557967,-2.9723629394964,0.00919359677622922,"F2","Fitness","HSD","female","NA",0.0640586097956617,".",0.0437488398317115,"*"
"360","Both vs Paternal HSD",-138.76,60.4636794557967,-2.29493145718073,0.0601942531232978,"F2","Fitness","HSD","female","NA",0.242124645349525," ",0.199363366344362," "
"361","Maternal vs Paternal HSD",40.9600000000002,60.4636794557967,0.677431482315676,0.78133509375955,"F2","Fitness","HSD","female","NA",0.999986154515138," ",0.999986154515138," "
"362","Both vs Maternal * Paternal HSD",-159.24,52.3630824149992,-3.04107383782255,0.00696054928512568,"F2","Fitness","HSD","female","NA",0.0536956659138267,".",0.0351422854151467,"*"
"363","Both vs Maternal HSD",-8.50462655000436,2.36068910032609,-3.60260338764203,0.00135129447738169,"F2","TAG","HSD","male","NA",0.0145939803557223,"*",0.00948196463789866,"**"
"364","Both vs Paternal HSD",-33.3756316974994,2.36307538335108,-14.1238116789018,0,"F2","TAG","HSD","male","NA",0,"***",0,"***"
"365","Maternal vs Paternal HSD",-24.871005147495,2.36696832767565,-10.5075360986846,0,"F2","TAG","HSD","male","NA",0,"***",0,"***"
"366","Both vs Maternal * Paternal HSD",-20.9401291237519,2.04398003460019,-10.2447816364546,0,"F2","TAG","HSD","male","NA",0,"***",0,"***"
"367","Both vs Maternal HSD",-7.24405740663855,2.05403942171759,-3.52673728169301,0.00158998217364648,"F2","Glycogen","HSD","male","NA",0.0163541023575066,"*",0.0106169777401555,"*"
"368","Both vs Paternal HSD",-0.764065134519218,2.05470009196438,-0.371862121147198,0.928293479756738,"F2","Glycogen","HSD","male","NA",0.999986154515138," ",0.999986154515138," "
"369","Maternal vs Paternal HSD",6.47999227211934,2.05073694274353,3.15983592876142,0.00517455646070708,"F2","Glycogen","HSD","male","NA",0.0447081678205092,"*",0.0289495456044964,"*"
"370","Both vs Maternal * Paternal HSD",-4.00406127057889,1.7801838963604,-2.24924024914797,0.0672073339804231,"F2","Glycogen","HSD","male","NA",0.255669942810683," ",0.211605615545963," "
"371","Both vs Maternal HSD",-0.0269223839044419,0.98732713550342,-0.0272679469006133,0.999599918063861,"F2","Trehalose","HSD","male","NA",0.999986154515138," ",0.999986154515138," "
"372","Both vs Paternal HSD",-2.53789257221512,0.987644703732824,-2.56964125117373,0.0298184172960487,"F2","Trehalose","HSD","male","NA",0.159957321658681," ",0.116460610948719," "
"373","Maternal vs Paternal HSD",-2.51097018831068,0.985739713630673,-2.54729534946125,0.0311028125447436,"F2","Trehalose","HSD","male","NA",0.159957321658681," ",0.119227448088184," "
"374","Both vs Maternal * Paternal HSD",-1.28240747805978,0.855691399336976,-1.49867987343737,0.299974039710792,"F2","Trehalose","HSD","male","NA",0.830697340737578," ",0.650205510158471," "
"375","Both vs Maternal HSD",-0.669727239791504,0.533661368955916,-1.25496668627485,0.429407164880072,"F2","Glucose","HSD","male","NA",0.999986154515138," ",0.805873346398912," "
"376","Both vs Paternal HSD",0.836802713071232,0.533833018138792,1.56753644798657,0.26797329610767,"F2","Glucose","HSD","male","NA",0.782192323773739," ",0.599680781559866," "
"377","Maternal vs Paternal HSD",1.50652995286274,0.532803349663973,2.82755345628527,0.0140920690427906,"F2","Glucose","HSD","male","NA",0.0895260856836108,".",0.0620650700395245,"."
"378","Both vs Maternal * Paternal HSD",0.0835377366398643,0.462510780017341,0.180617923406525,0.982596917755368,"F2","Glucose","HSD","male","NA",0.999986154515138," ",0.999986154515138," "
"379","Both vs Maternal HSD",-5.84805322803736,2.49159629175934,-2.3471110658573,0.0526997855625059,"F3","TAG","HSD","female","NA",0.218906801567332," ",0.178833698548176," "
"380","Both vs Paternal HSD",4.21641253511721,2.48772356884503,1.6948878838153,0.214674718379989,"F3","TAG","HSD","female","NA",0.662424845286825," ",0.507859048053232," "
"381","Maternal vs Paternal HSD",10.0644657631546,2.48189835553749,4.05514824597842,0.000117220871334922,"F3","TAG","HSD","female","NA",0.00172970679966653,"**",0.000990396749646076,"***"
"382","Both vs Maternal * Paternal HSD",-0.815820346460078,2.15834553680431,-0.377984123741373,0.925995566024027,"F3","TAG","HSD","female","NA",0.999986154515138," ",0.999986154515138," "
"383","Both vs Maternal HSD",-1.66307356024043,1.67426856688291,-0.993313494104879,0.588570368861706,"F3","Glycogen","HSD","female","NA",0.999986154515138," ",0.93359437819443," "
"384","Both vs Paternal HSD",1.42126591133109,1.67094583638482,0.850575692151742,0.677831783583423,"F3","Glycogen","HSD","female","NA",0.999986154515138," ",0.986204225426628," "
"385","Maternal vs Paternal HSD",3.08433947157152,1.67190192841982,1.84480884861868,0.161798067294321,"F3","Glycogen","HSD","female","NA",0.513946801993724," ",0.423951897847144," "
"386","Both vs Maternal * Paternal HSD",-0.120903824454671,1.44872481739235,-0.0834553415549916,0.996258849232232,"F3","Glycogen","HSD","female","NA",0.999986154515138," ",0.999986154515138," "
"387","Both vs Maternal HSD",-0.1963654089397,1.11695074280621,-0.175804895788291,0.983504888349051,"F3","Trehalose","HSD","female","NA",0.999986154515138," ",0.999986154515138," "
"388","Both vs Paternal HSD",0.48949820952098,1.11473405763909,0.439116582261509,0.901466802710586,"F3","Trehalose","HSD","female","NA",0.999986154515138," ",0.999986154515138," "
"389","Maternal vs Paternal HSD",0.68586361846068,1.1153718930078,0.614919223588398,0.815980420990218,"F3","Trehalose","HSD","female","NA",0.999986154515138," ",0.999986154515138," "
"390","Both vs Maternal * Paternal HSD",0.14656640029064,0.96648428628197,0.151649025618902,0.987700854446508,"F3","Trehalose","HSD","female","NA",0.999986154515138," ",0.999986154515138," "
"391","Both vs Maternal HSD",0.203840509662103,0.439639939198802,0.463653302367345,0.890792004938686,"F3","Glucose","HSD","female","NA",0.999986154515138," ",0.999986154515138," "
"392","Both vs Paternal HSD",0.59586385576971,0.438767435788628,1.35804029006556,0.371807758864067,"F3","Glucose","HSD","female","NA",0.933842743193471," ",0.743615517728134," "
"393","Maternal vs Paternal HSD",0.392023346107606,0.439018492430585,0.892954061996809,0.651483963370655,"F3","Glucose","HSD","female","NA",0.999986154515138," ",0.979274604144311," "
"394","Both vs Maternal * Paternal HSD",0.399852182715907,0.380415247130844,1.05109399723502,0.552463432916904,"F3","Glucose","HSD","female","NA",0.999986154515138," ",0.912466422510139," "
"395","Both vs Maternal HSD",-86.0400000000001,42.1907541214107,-2.03930936508995,0.108401025146906,"F3","Fitness","HSD","female","NA",0.371660657646535," ",0.311652947297355," "
"396","Both vs Paternal HSD",-74.0799999999999,42.1907541214107,-1.75583493451724,0.192006691943807,"F3","Fitness","HSD","female","NA",0.601064426954528," ",0.467592767439625," "
"397","Maternal vs Paternal HSD",11.9600000000002,42.1907541214107,0.283474430572711,0.957684712099356,"F3","Fitness","HSD","female","NA",0.999986154515138," ",0.999986154515138," "
"398","Both vs Maternal * Paternal HSD",-80.06,36.5382648739647,-2.19112758299168,0.0773363745608804,"F3","Fitness","HSD","female","NA",0.283129778053393," ",0.235421022560327," "
"399","Both vs Maternal HSD",0.978008998888218,2.48281948910305,0.393910633930756,0.919909265420318,"F3","TAG","HSD","male","NA",0.999986154515138," ",0.999986154515138," "
"400","Both vs Paternal HSD",-1.13187292942804,2.49398623253485,-0.453840889200747,0.895113701074225,"F3","TAG","HSD","male","NA",0.999986154515138," ",0.999986154515138," "
"401","Maternal vs Paternal HSD",-2.10988192831626,2.48704488713309,-0.848348953905853,0.679212063739388,"F3","TAG","HSD","male","NA",0.999986154515138," ",0.986204225426628," "
"402","Both vs Maternal * Paternal HSD",-0.0769319652699095,2.15541919452295,-0.0356923448883625,0.999314675109715,"F3","TAG","HSD","male","NA",0.999986154515138," ",0.999986154515138," "
"403","Both vs Maternal HSD",0.397101592505432,1.67048246106498,0.237716708652104,0.970050602645985,"F3","Glycogen","HSD","male","NA",0.999986154515138," ",0.999986154515138," "
"404","Both vs Paternal HSD",-1.50804904126516,1.67144192232303,-0.902244356279646,0.645710270396845,"F3","Glycogen","HSD","male","NA",0.999986154515138," ",0.979274604144311," "
"405","Maternal vs Paternal HSD",-1.90515063377059,1.67092704235566,-1.1401758338202,0.497600358547627,"F3","Glycogen","HSD","male","NA",0.999986154515138," ",0.872909103553889," "
"406","Both vs Maternal * Paternal HSD",-0.555473724379862,1.44710593288586,-0.383851459493447,0.923791104298758,"F3","Glycogen","HSD","male","NA",0.999986154515138," ",0.999986154515138," "
"407","Both vs Maternal HSD",0.484570532383032,1.1144249271818,0.434816666931914,0.903293712786001,"F3","Trehalose","HSD","male","NA",0.999986154515138," ",0.999986154515138," "
"408","Both vs Paternal HSD",-0.124636573322788,1.11506501025215,-0.111775163041484,0.99329941250607,"F3","Trehalose","HSD","male","NA",0.999986154515138," ",0.999986154515138," "
"409","Maternal vs Paternal HSD",-0.609207105705819,1.11472151962383,-0.546510581325638,0.851602418390438,"F3","Trehalose","HSD","male","NA",0.999986154515138," ",0.999986154515138," "
"410","Both vs Maternal * Paternal HSD",0.179966979530122,0.965404283773527,0.186416180821858,0.981473389666881,"F3","Trehalose","HSD","male","NA",0.999986154515138," ",0.999986154515138," "
"411","Both vs Maternal HSD",0.161039642704081,0.438645759791435,0.367129144895077,0.93005265907352,"F3","Glucose","HSD","male","NA",0.999986154515138," ",0.999986154515138," "
"412","Both vs Paternal HSD",-0.33080593287856,0.438897701145109,-0.753719903329337,0.736821412446177,"F3","Glucose","HSD","male","NA",0.999986154515138," ",0.999986154515138," "
"413","Maternal vs Paternal HSD",-0.491845575582641,0.438762500734598,-1.12098361815143,0.509293570179982,"F3","Glucose","HSD","male","NA",0.999986154515138," ",0.888698295988277," "
"414","Both vs Maternal * Paternal HSD",-0.0848831450872394,0.379990150285523,-0.223382487739376,0.973506540067641,"F3","Glucose","HSD","male","NA",0.999986154515138," ",0.999986154515138," "
